x	y1	y2	y3	y4	y5	y6
-0.00746	0.80227	0.79827	0.38198	0.3958	0.00575	0.01682
-0.00524	0.80302	0.79956	0.38349	0.3995	0.01416	0.01855
0.00151	0.80604	0.80354	0.39387	0.415	0.03132	0.02487
0.00406	0.80757	0.80514	0.39963	0.42223	0.0359	0.0278
0.00588	0.80874	0.80634	0.404	0.42741	0.03877	0.03013
0.01056	0.81181	0.80976	0.4148	0.43932	0.04513	0.03736
0.01235	0.81291	0.81123	0.41825	0.44305	0.04728	0.04068
0.01457	0.81417	0.81321	0.42177	0.44705	0.04982	0.04527
0.01772	0.81582	0.8162	0.4251	0.45164	0.05327	0.0524
0.01821	0.81608	0.81668	0.42544	0.45227	0.05381	0.05354
0.01835	0.81615	0.81682	0.42553	0.45243	0.05396	0.05386
0.02129	0.81786	0.81972	0.42666	0.45565	0.05717	0.06043
0.02285	0.81894	0.82122	0.42675	0.4571	0.05892	0.06365
0.02694	0.82215	0.82457	0.42575	0.4602	0.06385	0.07087
0.02708	0.82227	0.82466	0.4257	0.46028	0.06403	0.07108
0.02948	0.82429	0.82593	0.42449	0.46166	0.06728	0.07461
0.03241	0.82677	0.82681	0.42263	0.46294	0.07179	0.07869
0.03495	0.8291	0.82716	0.42075	0.46371	0.07636	0.08235
0.03572	0.82988	0.82721	0.42013	0.46388	0.07792	0.08354
0.03876	0.8331	0.82727	0.41754	0.46425	0.08459	0.08912
0.04249	0.83666	0.82701	0.41399	0.46396	0.09344	0.10237
0.04275	0.83688	0.82697	0.41373	0.46391	0.09406	0.1032
0.0439	0.83771	0.82679	0.41254	0.46362	0.09671	0.10606
0.04428	0.83797	0.82672	0.41213	0.4635	0.09759	0.10683
0.04608	0.83905	0.82615	0.41017	0.46282	0.10138	0.10967
0.04875	0.84049	0.82428	0.40704	0.46141	0.10598	0.11267
0.04895	0.8406	0.82413	0.4068	0.46128	0.10626	0.11286
0.04977	0.84107	0.82354	0.4058	0.46075	0.10728	0.11356
0.05562	0.84414	0.81918	0.39903	0.45566	0.10995	0.11614
0.05634	0.84426	0.81852	0.39832	0.45489	0.10975	0.1161
0.05717	0.84433	0.81768	0.39755	0.45396	0.10938	0.11591
0.06151	0.84402	0.81259	0.39446	0.44849	0.10526	0.11156
0.06212	0.8439	0.81193	0.39415	0.44765	0.1044	0.11045
0.06295	0.84372	0.81109	0.39377	0.44647	0.10311	0.10877
0.06347	0.8436	0.8106	0.39356	0.44571	0.10225	0.10763
0.06458	0.84329	0.80963	0.39317	0.44406	0.10027	0.10504
0.06885	0.8416	0.80634	0.39229	0.43717	0.09132	0.09431
0.07169	0.84001	0.80422	0.39218	0.43206	0.08476	0.08735
0.07323	0.83899	0.803	0.39226	0.4291	0.08125	0.08372
0.0743	0.83823	0.80216	0.39239	0.42697	0.07889	0.08128
0.07701	0.83614	0.80037	0.39292	0.42124	0.07325	0.07535
0.07986	0.83375	0.79931	0.39387	0.41496	0.06801	0.06964
0.08376	0.83032	0.79898	0.3959	0.40821	0.06222	0.063
0.08497	0.82925	0.79905	0.39674	0.40702	0.06078	0.06132
0.08557	0.8287	0.79911	0.39721	0.4066	0.06012	0.06057
0.08687	0.82754	0.79929	0.3983	0.40612	0.05888	0.05921
0.087	0.82743	0.79931	0.39841	0.4061	0.05877	0.0591
0.09135	0.82346	0.80041	0.40293	0.40769	0.05657	0.05805
0.09568	0.81917	0.80236	0.4083	0.41248	0.0569	0.06384
0.09725	0.81742	0.80331	0.41029	0.4152	0.05748	0.06782
0.09752	0.81712	0.80349	0.41063	0.41579	0.0576	0.06855
0.09952	0.8151	0.80497	0.41303	0.42663	0.05866	0.07341
0.09974	0.81491	0.80516	0.41328	0.42731	0.05879	0.07384
0.10049	0.81432	0.80587	0.4141	0.42874	0.05926	0.07518
0.10119	0.81386	0.80665	0.41483	0.42974	0.05973	0.07628
0.10165	0.8136	0.80722	0.41528	0.43036	0.06005	0.07696
0.10325	0.81295	0.80908	0.41677	0.43259	0.06125	0.07942
0.10423	0.81272	0.81004	0.41764	0.43407	0.06203	0.08105
0.10548	0.81255	0.81117	0.4187	0.43611	0.06307	0.08332
0.10809	0.81253	0.81338	0.42101	0.44069	0.06534	0.08897
0.11068	0.81277	0.81535	0.42368	0.44445	0.06767	0.09558
0.11475	0.81344	0.81793	0.42964	0.44741	0.07137	0.10476
0.11756	0.81403	0.81975	0.43554	0.44707	0.07388	0.10867
0.11787	0.8141	0.81997	0.43623	0.44691	0.07415	0.10895
0.11833	0.8142	0.82031	0.43726	0.44663	0.07455	0.1093
0.11989	0.81455	0.8215	0.44062	0.4453	0.07587	0.11002
0.12543	0.81641	0.82573	0.44897	0.43667	0.08004	0.10824
0.12761	0.81745	0.82713	0.45034	0.43211	0.08133	0.10626
0.12967	0.81848	0.82815	0.45071	0.42744	0.08224	0.10392
0.13071	0.81902	0.82857	0.45058	0.42494	0.08255	0.10258
0.13088	0.8191	0.82863	0.45054	0.42454	0.08259	0.10237
0.13378	0.82058	0.82943	0.44919	0.41723	0.08277	0.09809
0.13803	0.82265	0.82999	0.44557	0.406	0.08092	0.09034
0.13898	0.82308	0.83003	0.44457	0.40351	0.0801	0.08852
0.14399	0.82498	0.82965	0.43838	0.3924	0.07335	0.07912
0.14486	0.8252	0.82946	0.43718	0.39104	0.07199	0.07749
0.14506	0.82525	0.82941	0.43689	0.39072	0.07168	0.07711
0.1457	0.82536	0.82923	0.43598	0.38972	0.07073	0.07591
0.14659	0.82546	0.82894	0.43468	0.38822	0.0695	0.07424
0.15333	0.82329	0.82475	0.4237	0.37863	0.06303	0.06221
0.15364	0.82313	0.82446	0.42315	0.37838	0.06282	0.06171
0.15367	0.82311	0.82443	0.42309	0.37835	0.06281	0.06166
0.1551	0.82238	0.82295	0.42046	0.37736	0.06193	0.05939
0.15878	0.82059	0.81811	0.4127	0.37621	0.06035	0.05419
0.16183	0.81908	0.81419	0.40705	0.37658	0.05994	0.0508
0.1625	0.81874	0.81341	0.40652	0.3768	0.05997	0.05021
0.16304	0.81846	0.81279	0.40613	0.37702	0.06003	0.04978
0.16345	0.81824	0.81234	0.40587	0.3772	0.06008	0.04949
0.16493	0.81743	0.81081	0.40504	0.37798	0.0604	0.04868
0.16686	0.81633	0.8091	0.40421	0.37927	0.06098	0.04835
0.17395	0.81263	0.80573	0.40305	0.38577	0.06369	0.05538
0.17527	0.81215	0.80558	0.40315	0.3872	0.06419	0.05799
0.17568	0.81202	0.80556	0.4032	0.38767	0.06434	0.05887
0.17652	0.8118	0.80557	0.40334	0.38863	0.06465	0.06069
0.17921	0.81141	0.80604	0.40405	0.39187	0.06568	0.06669
0.18329	0.81149	0.80767	0.40584	0.3972	0.06749	0.07493
0.1833	0.81149	0.80767	0.40584	0.39721	0.06749	0.07494
0.19034	0.81242	0.81159	0.41079	0.40781	0.07238	0.08784
0.19093	0.81252	0.81203	0.41132	0.40882	0.07297	0.08897
0.1914	0.81261	0.81242	0.41175	0.40966	0.07347	0.08992
0.19394	0.81311	0.81533	0.41438	0.4158	0.07686	0.09636
0.19449	0.81323	0.81619	0.41502	0.42243	0.0778	0.09795
0.19509	0.81337	0.81722	0.41576	0.42486	0.07894	0.09967
0.19538	0.81344	0.81771	0.41612	0.42577	0.07952	0.10047
0.19558	0.81349	0.81806	0.41639	0.42638	0.07996	0.10103
0.1968	0.81379	0.81998	0.41806	0.42943	0.08286	0.10426
0.19928	0.8145	0.82352	0.4218	0.43413	0.09033	0.11027
0.2048	0.81665	0.82949	0.42764	0.44066	0.10578	0.12039
0.20542	0.81693	0.82986	0.42787	0.44114	0.10685	0.12121
0.20579	0.8171	0.83006	0.42796	0.4414	0.10742	0.12166
0.20629	0.81734	0.83029	0.42804	0.44174	0.10816	0.12224
0.20723	0.8178	0.83067	0.42807	0.4423	0.10938	0.1232
0.21302	0.82064	0.83156	0.426	0.44416	0.11392	0.12495
0.215	0.82153	0.83144	0.4248	0.44428	0.1146	0.1237
0.22033	0.82349	0.82998	0.42091	0.44325	0.11431	0.1162
0.22052	0.82354	0.82989	0.42075	0.44317	0.11422	0.11583
0.22284	0.82406	0.82861	0.41886	0.44182	0.11257	0.11106
0.22444	0.82429	0.82747	0.4175	0.44031	0.11048	0.10739
0.22601	0.82442	0.82622	0.41616	0.43777	0.10717	0.10356
0.22834	0.82443	0.82435	0.41417	0.4293	0.09728	0.09756
0.22994	0.82433	0.82313	0.41283	0.42307	0.08491	0.09332
0.23126	0.82417	0.82218	0.41179	0.41975	0.07807	0.08987
0.2314	0.82415	0.82208	0.41169	0.41946	0.07756	0.08952
0.23319	0.82383	0.82083	0.41045	0.41633	0.07258	0.08503
0.23357	0.82375	0.82056	0.41022	0.41577	0.07182	0.08412
0.23712	0.82276	0.81812	0.40859	0.41135	0.06689	0.07628
0.24121	0.82121	0.81518	0.40755	0.40743	0.06342	0.06899
0.24252	0.82066	0.81414	0.40734	0.40635	0.06257	0.06695
0.24348	0.8203	0.81334	0.40721	0.4056	0.062	0.06551
0.24641	0.81925	0.81086	0.40699	0.40351	0.0605	0.06132
0.24783	0.81868	0.80988	0.40697	0.4026	0.05988	0.05947
0.24788	0.81866	0.80984	0.40697	0.40256	0.05986	0.0594
0.25109	0.81734	0.80806	0.40709	0.40074	0.05867	0.05574
0.25257	0.81672	0.80731	0.40724	0.39999	0.05822	0.05431
0.2564	0.8151	0.80528	0.40786	0.39847	0.05738	0.05151
0.25847	0.8142	0.80398	0.40833	0.39794	0.05712	0.05054
0.26062	0.81333	0.80302	0.40891	0.39765	0.05698	0.04997
0.26253	0.8136	0.80298	0.40951	0.39763	0.05698	0.04982
0.26276	0.81363	0.80301	0.40959	0.39765	0.05698	0.04982
0.26358	0.81374	0.80319	0.40988	0.39774	0.05702	0.04987
0.27186	0.81486	0.80667	0.4136	0.4017	0.05858	0.05331
0.27237	0.81496	0.80692	0.41388	0.40214	0.05877	0.05368
0.27339	0.81517	0.80744	0.41446	0.4031	0.05917	0.05449
0.276	0.81585	0.8093	0.41605	0.40601	0.06045	0.05694
0.27826	0.81668	0.81231	0.41752	0.40893	0.06184	0.05949
0.28028	0.81767	0.81603	0.41888	0.41182	0.06335	0.06214
0.28224	0.8189	0.81967	0.42024	0.41482	0.06505	0.06511
0.28466	0.82078	0.82253	0.42189	0.41868	0.06741	0.0693
0.28693	0.82284	0.83633	0.42341	0.42241	0.06986	0.07371
0.28697	0.82288	0.84104	0.42344	0.42248	0.0699	0.07379
0.28718	0.82308	0.96505	0.42358	0.42284	0.07014	0.07423
0.29014	0.82598	0.96963	0.4254	0.42771	0.07357	0.08042
0.29095	0.82679	0.92922	0.42586	0.42902	0.07454	0.08214
0.2953	0.8309	0.68542	0.42787	0.43563	0.07984	0.0908
0.29707	0.83235	0.60499	0.42845	0.43798	0.08199	0.09361
0.29763	0.83275	0.58509	0.4286	0.43866	0.08265	0.09435
0.29799	0.833	0.57381	0.42869	0.43909	0.08308	0.09478
0.299	0.83363	0.54922	0.4289	0.44023	0.08427	0.09578
0.30688	0.83567	0.55086	0.42906	0.4456	0.09224	0.10471
0.30721	0.83569	0.5527	0.42901	0.44567	0.0925	0.10604
0.30765	0.83572	0.55503	0.42895	0.44572	0.09283	0.10807
0.31087	0.8358	0.56942	0.42833	0.44521	0.09478	0.13774
0.31139	0.83579	0.57144	0.4282	0.44494	0.09501	0.14618
0.31666	0.83544	0.58925	0.42664	0.43904	0.09576	0.26754
0.31943	0.83499	0.59786	0.42562	0.43404	0.09489	0.30495
0.32125	0.83457	0.60364	0.42487	0.43071	0.0939	0.3085
0.32172	0.83445	0.60517	0.42467	0.42992	0.0936	0.30745
0.32317	0.83399	0.61009	0.42401	0.42765	0.09255	0.30036
0.32741	0.83206	0.6258	0.42181	0.42169	0.0887	0.25588
0.32938	0.83086	0.63374	0.42062	0.41881	0.08661	0.22627
0.33173	0.82916	0.64373	0.41905	0.41514	0.08397	0.18045
0.33288	0.82824	0.64883	0.41824	0.41325	0.08263	0.14819
0.3336	0.82764	0.65207	0.41772	0.41205	0.0818	0.13024
0.33527	0.82617	0.65992	0.4165	0.40929	0.07986	0.09749
0.33562	0.82586	0.66162	0.41625	0.40873	0.07946	0.09206
0.33866	0.82305	0.68114	0.41415	0.40399	0.0761	0.05763
0.33907	0.82267	0.68452	0.41389	0.4034	0.07567	0.05454
0.34161	0.82034	0.7087	0.41246	0.39998	0.07306	0.04079
0.34339	0.81885	0.73006	0.41168	0.39796	0.07136	0.03518
0.3441	0.81831	0.74131	0.41142	0.39725	0.07071	0.03359
0.34514	0.81763	0.76671	0.41107	0.39632	0.0698	0.03177
0.34602	0.81713	0.72155	0.4108	0.39564	0.06905	0.03065
0.34616	0.81706	0.78435	0.41077	0.39555	0.06894	0.03051
0.34865	0.81606	0.80057	0.41018	0.39437	0.067	0.02909
0.34997	0.81568	0.79689	0.40993	0.39421	0.06608	0.02909
0.35023	0.81561	0.7961	0.40989	0.39422	0.0659	0.02914
0.35079	0.81548	0.79438	0.4098	0.3943	0.06554	0.0293
0.35224	0.81515	0.78962	0.40961	0.39485	0.06465	0.02999
0.35498	0.81466	0.7794	0.40935	0.39711	0.06323	0.03221
0.35521	0.81462	0.77843	0.40933	0.39737	0.06313	0.03244
0.35886	0.8142	0.75717	0.40925	0.40268	0.06186	0.03675
0.36271	0.81404	0.74583	0.41	0.41013	0.06148	0.04236
0.36325	0.81404	0.74693	0.41017	0.41125	0.06153	0.04321
0.36402	0.81406	0.74911	0.41045	0.41288	0.06166	0.04446
0.36758	0.81436	0.7624	0.41198	0.42044	0.06338	0.05052
0.36822	0.81446	0.76481	0.41229	0.42176	0.06391	0.05167
0.37165	0.81514	0.77373	0.41407	0.42842	0.06767	0.05803
0.37253	0.81537	0.77337	0.41454	0.42998	0.06883	0.0597
0.37451	0.81597	0.77171	0.41567	0.43331	0.07169	0.06357
0.37688	0.81684	0.79643	0.41706	0.43683	0.07534	0.06832
0.37711	0.81694	0.80054	0.4172	0.43715	0.0757	0.06878
0.38379	0.81981	0.93035	0.42155	0.44429	0.08568	0.08243
0.38627	0.8205	0.9501	0.42337	0.44597	0.08887	0.08711
0.3878	0.82075	0.94314	0.42458	0.44674	0.09062	0.08975
0.38863	0.82083	0.93194	0.42529	0.44708	0.0915	0.09109
0.38992	0.82089	0.90383	0.42645	0.44751	0.09274	0.09302
0.39322	0.8208	0.76453	0.42975	0.44805	0.09517	0.09704
0.3942	0.82072	0.70491	0.43067	0.44807	0.09566	0.09793
0.39813	0.82019	0.56914	0.43318	0.4476	0.09643	0.09988
0.39867	0.8201	0.56379	0.43338	0.44746	0.0964	0.09992
0.40104	0.81961	0.55436	0.43395	0.44669	0.09588	0.09939
0.40287	0.81914	0.55538	0.43416	0.44588	0.09506	0.09827
0.40727	0.81764	0.56963	0.43419	0.44318	0.09161	0.09351
0.41282	0.81696	0.59451	0.43373	0.43805	0.08364	0.08453
0.41297	0.81697	0.59517	0.43371	0.43788	0.08334	0.08425
0.41389	0.81708	0.59908	0.4336	0.4368	0.08141	0.08257
0.4149	0.81729	0.60328	0.43347	0.43551	0.07903	0.08065
0.41709	0.81808	0.61194	0.43315	0.43236	0.07336	0.07645
0.42168	0.82043	0.62945	0.43234	0.42385	0.06412	0.06779
0.42503	0.82224	0.64286	0.43165	0.41646	0.06069	0.06219
0.42882	0.82438	0.66147	0.43074	0.40837	0.05862	0.05711
0.43221	0.82657	0.68949	0.42978	0.40283	0.05758	0.05401
0.43254	0.82682	0.69347	0.42967	0.40243	0.05751	0.05379
0.43436	0.82842	0.72603	0.42906	0.40057	0.05717	0.05289
0.43556	0.82961	0.75187	0.4286	0.39975	0.05702	0.05257
0.4359	0.82992	0.75601	0.42847	0.39957	0.05699	0.05253
0.43618	0.83017	0.75877	0.42835	0.39945	0.05696	0.0525
0.4379	0.83149	0.77435	0.42758	0.39899	0.05686	0.05262
0.43807	0.8316	0.77718	0.4275	0.39898	0.05685	0.05265
0.44086	0.83326	0.78211	0.42597	0.39928	0.05689	0.05376
0.44551	0.83561	0.7753	0.42344	0.40165	0.05754	0.05763
0.44858	0.83702	0.77095	0.4227	0.40417	0.05854	0.06141
0.44898	0.83719	0.77046	0.42265	0.40455	0.05873	0.06196
0.45261	0.83838	0.76798	0.42247	0.40839	0.06232	0.06769
0.45483	0.83858	0.77123	0.4226	0.41111	0.07281	0.07182
0.455	0.8386	0.77179	0.42261	0.41133	0.0737	0.07216
0.45616	0.83868	0.77718	0.42275	0.41287	0.07877	0.07456
0.45854	0.8388	0.78879	0.42315	0.41628	0.08658	0.08006
0.45972	0.83882	0.79194	0.42341	0.41808	0.08972	0.08317
0.45973	0.83882	0.79196	0.42342	0.4181	0.08975	0.0832
0.46388	0.83851	0.79768	0.42469	0.42521	0.09804	0.09796
0.46495	0.83829	0.79857	0.42509	0.42716	0.0994	0.1027
0.46522	0.83822	0.79877	0.4252	0.42765	0.09969	0.1039
0.47035	0.8358	0.80183	0.42754	0.43573	0.10158	0.12744
0.47331	0.83385	0.80331	0.42916	0.43855	0.10025	0.14283
0.47334	0.83383	0.80333	0.42918	0.43858	0.10023	0.14303
0.4746	0.83301	0.80395	0.42992	0.4394	0.09932	0.15035
0.47468	0.83296	0.80399	0.42997	0.43944	0.09926	0.15083
0.47615	0.83203	0.80471	0.43078	0.44017	0.09802	0.16066
0.48034	0.82949	0.80679	0.43157	0.44136	0.09379	0.21443
0.482	0.82848	0.80766	0.43139	0.44155	0.09189	0.31259
0.48203	0.82846	0.80768	0.43139	0.44156	0.09186	0.31286
0.48674	0.82538	0.81042	0.43038	0.44142	0.08601	0.28385
0.48705	0.82515	0.81063	0.4303	0.44138	0.08559	0.2804
0.48734	0.82493	0.81082	0.43022	0.44134	0.08521	0.27722
0.49216	0.82086	0.81426	0.42881	0.44012	0.07847	0.23699
0.49279	0.82038	0.81464	0.42861	0.43989	0.07754	0.23366
0.49412	0.81949	0.81523	0.42817	0.43933	0.07551	0.22684
0.49737	0.81793	0.81449	0.42702	0.4376	0.07028	0.20853
0.49871	0.81742	0.81299	0.42651	0.4367	0.06799	0.19864
0.4999	0.81701	0.81124	0.42604	0.4358	0.06587	0.18654
0.49992	0.817	0.81121	0.42603	0.43578	0.06584	0.1863
0.50266	0.81613	0.80692	0.42485	0.43331	0.06072	0.10434
0.50452	0.81559	0.80463	0.42395	0.43132	0.05706	0.07012
0.50463	0.81556	0.80453	0.4239	0.4312	0.05684	0.06861
0.50667	0.81498	0.80354	0.42276	0.4287	0.05286	0.0456
0.50888	0.81441	0.80473	0.4213	0.42565	0.04937	0.02989
0.5135	0.81359	0.81216	0.41712	0.41827	0.04685	0.02434
0.51481	0.81353	0.81474	0.41563	0.41601	0.04717	0.02637
0.51592	0.81358	0.8169	0.41429	0.41405	0.0477	0.02855
0.51651	0.81366	0.818	0.41358	0.413	0.04806	0.02981
0.5172	0.81381	0.81921	0.41276	0.41179	0.04853	0.03135
0.52265	0.81678	0.82663	0.40754	0.40277	0.05366	0.04469
0.52333	0.81721	0.82734	0.4071	0.4018	0.05441	0.0464
0.52708	0.81926	0.83077	0.40555	0.39739	0.05882	0.05586
0.52783	0.81964	0.83139	0.4054	0.39674	0.05973	0.05774
0.53054	0.821	0.83348	0.40521	0.39513	0.06302	0.06446
0.53138	0.82143	0.83408	0.40525	0.39488	0.06401	0.06652
0.53347	0.82252	0.83548	0.40549	0.39471	0.06634	0.07156
0.53841	0.82518	0.8383	0.40688	0.39635	0.07148	0.08308
0.54601	0.82847	0.84124	0.4114	0.40262	0.08177	0.09912
0.54624	0.82855	0.84131	0.4116	0.40286	0.08207	0.09957
0.54678	0.82872	0.84145	0.4121	0.40344	0.08276	0.1006
0.54688	0.82875	0.84148	0.41219	0.40354	0.08288	0.10079
0.54867	0.82922	0.8419	0.41417	0.4056	0.08509	0.1041
0.55555	0.83011	0.84287	0.42687	0.41751	0.09199	0.11462
0.55667	0.83014	0.84293	0.42885	0.42096	0.0928	0.11591
0.55681	0.83014	0.84294	0.42907	0.42144	0.09289	0.11606
0.56115	0.83001	0.8429	0.43426	0.43706	0.09469	0.11934
0.56202	0.82995	0.84283	0.43499	0.43948	0.09473	0.11967
0.56581	0.82948	0.8423	0.43734	0.44723	0.09338	0.11966
0.56858	0.82894	0.84156	0.43821	0.45063	0.09086	0.11802
0.57043	0.82846	0.84085	0.43839	0.45202	0.08855	0.11605
0.5717	0.82807	0.84023	0.43831	0.45261	0.08673	0.11426
0.57426	0.82714	0.83861	0.43768	0.453	0.08272	0.10941
0.57725	0.82592	0.836	0.43622	0.45245	0.07826	0.10142
0.57749	0.82582	0.83576	0.43608	0.45237	0.07793	0.10065
0.58132	0.82424	0.83132	0.43322	0.4505	0.07339	0.08384
0.58258	0.82373	0.82979	0.43209	0.44969	0.07213	0.07649
0.58308	0.82353	0.8292	0.43163	0.44935	0.07166	0.07389
0.58525	0.82269	0.82677	0.42948	0.44774	0.06968	0.06442
0.58899	0.82138	0.82331	0.42543	0.44458	0.06649	0.05393
0.59111	0.82077	0.82173	0.42298	0.44264	0.06475	0.05053
0.59209	0.82053	0.82107	0.42181	0.44171	0.06396	0.04948
0.59336	0.8203	0.82029	0.42029	0.44048	0.06294	0.04857
0.5948	0.82012	0.81946	0.41852	0.43905	0.0618	0.04812
0.59882	0.82024	0.81751	0.41346	0.43483	0.05932	0.04947
0.60046	0.82047	0.81686	0.41138	0.43302	0.05886	0.05078
0.60218	0.82076	0.81629	0.40923	0.43106	0.0587	0.05248
0.60811	0.82216	0.8154	0.40281	0.42367	0.0596	0.06012
0.60827	0.82221	0.81541	0.40268	0.42345	0.05964	0.06035
0.6093	0.82253	0.81555	0.40189	0.422	0.05994	0.06186
0.61059	0.82298	0.81591	0.40108	0.42008	0.06037	0.06379
0.61398	0.82432	0.81798	0.39976	0.41411	0.06174	0.06891
0.61495	0.82473	0.81886	0.39954	0.41212	0.06221	0.07033
0.61796	0.82598	0.822	0.39903	0.40543	0.06395	0.07453
0.61909	0.82643	0.82315	0.39887	0.40295	0.06475	0.076
0.61981	0.82671	0.82386	0.39876	0.40141	0.06532	0.07693
0.62423	0.82828	0.82776	0.39811	0.39368	0.0697	0.08287
0.62432	0.82831	0.82783	0.3981	0.39357	0.0698	0.08301
0.62675	0.82903	0.8297	0.3978	0.3908	0.07278	0.08861
0.62925	0.82966	0.83145	0.39762	0.38898	0.07608	0.09712
0.63215	0.83023	0.83325	0.39768	0.38808	0.07986	0.10577
0.63236	0.83027	0.83337	0.3977	0.38806	0.08012	0.10624
0.6334	0.83042	0.83395	0.39786	0.38806	0.08141	0.10826
0.6391	0.83074	0.8363	0.40091	0.38994	0.08712	0.11051
0.64176	0.8305	0.83683	0.40298	0.39169	0.08864	0.10768
0.64269	0.83034	0.83691	0.40362	0.39242	0.08893	0.10634
0.64298	0.83028	0.83693	0.40381	0.39265	0.08898	0.1059
0.64512	0.82971	0.83688	0.40514	0.39457	0.08896	0.10225
0.65258	0.82616	0.83478	0.40993	0.40406	0.08315	0.0869
0.65422	0.82516	0.83407	0.41128	0.4071	0.08086	0.08334
0.6562	0.82405	0.83317	0.41326	0.41187	0.07768	0.07907
0.65632	0.82399	0.83312	0.41338	0.4122	0.07749	0.07883
0.65669	0.8238	0.83295	0.41382	0.41334	0.07685	0.07803
0.65738	0.82346	0.83263	0.41468	0.41567	0.07567	0.07659
0.66005	0.82208	0.83143	0.41865	0.42889	0.07176	0.07131
0.66006	0.82207	0.83143	0.41866	0.42894	0.07175	0.0713
0.66599	0.81877	0.82845	0.4282	0.44588	0.06779	0.06218
0.66624	0.81864	0.8283	0.42848	0.44613	0.06769	0.0619
0.6669	0.8183	0.82787	0.42916	0.44671	0.06743	0.06119
0.66768	0.8179	0.82733	0.42981	0.44723	0.06714	0.06045
0.67289	0.81562	0.82284	0.43125	0.44813	0.06557	0.05767
0.67382	0.81531	0.82218	0.43114	0.44795	0.06534	0.05755
0.676	0.81474	0.82096	0.43061	0.44724	0.06485	0.05765
0.67923	0.81433	0.8198	0.42936	0.44551	0.06426	0.05855
0.68235	0.81448	0.81913	0.4278	0.44313	0.06383	0.06008
0.68496	0.81504	0.81884	0.42633	0.44063	0.06359	0.06174
0.69052	0.81741	0.81907	0.42282	0.43427	0.06352	0.06612
0.69121	0.81779	0.81918	0.42235	0.43342	0.06357	0.06673
0.69495	0.82004	0.82018	0.41969	0.42872	0.06405	0.07022
0.69588	0.82063	0.82054	0.41899	0.42756	0.06424	0.07113
0.69962	0.82305	0.82242	0.41605	0.42311	0.06529	0.07501
0.70022	0.82345	0.8228	0.41555	0.42245	0.0655	0.07569
0.70448	0.82623	0.82657	0.41178	0.41844	0.06745	0.08119
0.7082	0.82863	0.83213	0.40817	0.41594	0.06985	0.08792
0.70836	0.82873	0.83232	0.408	0.41585	0.06997	0.08829
0.70972	0.8296	0.83362	0.40661	0.41516	0.07107	0.09172
0.71284	0.83149	0.83503	0.40336	0.41388	0.07447	0.10295
0.7132	0.8317	0.83511	0.40299	0.41376	0.07496	0.10454
0.71441	0.83238	0.83529	0.40175	0.41335	0.07672	0.11021
0.71657	0.83348	0.83541	0.39976	0.41271	0.08007	0.1199
0.71715	0.83375	0.83541	0.39932	0.41256	0.08098	0.12205
0.72182	0.83538	0.83504	0.39908	0.4118	0.08757	0.13124
0.72396	0.83571	0.83469	0.40081	0.41178	0.08995	0.13222
0.726	0.83572	0.83427	0.40293	0.41203	0.0918	0.13192
0.72741	0.83554	0.83392	0.40449	0.4124	0.0928	0.13115
0.73174	0.83425	0.83254	0.40929	0.41498	0.0945	0.12681
0.73181	0.83422	0.83251	0.40937	0.41505	0.09451	0.12672
0.73344	0.83351	0.83183	0.41106	0.41665	0.09458	0.12443
0.73628	0.83213	0.83034	0.4137	0.42022	0.09409	0.11956
0.73733	0.83162	0.82968	0.41455	0.42172	0.09373	0.11727
0.73758	0.8315	0.82951	0.41474	0.4221	0.09363	0.11664
0.74359	0.82873	0.82415	0.41797	0.43058	0.08996	0.09591
0.74569	0.82757	0.82193	0.41845	0.43294	0.08809	0.08864
0.74601	0.82738	0.82161	0.4185	0.43327	0.08778	0.08756
0.74721	0.82658	0.82045	0.4186	0.43446	0.08652	0.08356
0.74886	0.82532	0.81896	0.41857	0.43598	0.08461	0.07824
0.75043	0.82393	0.81755	0.41838	0.43733	0.0825	0.07337
0.75401	0.82021	0.81381	0.41746	0.44008	0.07596	0.06304
0.75874	0.81467	0.80799	0.41538	0.44291	0.0659	0.05135
0.75901	0.81433	0.80777	0.41524	0.44303	0.06553	0.05074
0.76013	0.81299	0.80707	0.41461	0.44344	0.06427	0.0484
0.76283	0.80988	0.80639	0.41291	0.44354	0.06222	0.04345
0.76359	0.80911	0.8064	0.41239	0.44327	0.06183	0.04226
0.76821	0.80633	0.80754	0.40879	0.43997	0.06054	0.03722
0.76828	0.80632	0.80757	0.40874	0.43991	0.06053	0.03717
0.76907	0.80626	0.80788	0.40805	0.43925	0.06047	0.03668
0.77246	0.80713	0.80946	0.40493	0.43638	0.06059	0.03574
0.77756	0.81058	0.81237	0.40023	0.4319	0.06177	0.03758
0.7796	0.8124	0.81367	0.39857	0.43002	0.06249	0.03927
0.78309	0.81592	0.81689	0.39629	0.42655	0.06398	0.04321
0.78346	0.81632	0.8173	0.3961	0.42615	0.06415	0.0437
0.78519	0.81822	0.81916	0.3954	0.42415	0.06502	0.04611
0.78781	0.82121	0.82194	0.39494	0.42083	0.06647	0.05017
0.78936	0.82303	0.8236	0.39503	0.41893	0.06744	0.05278
0.78966	0.82337	0.82392	0.39508	0.4186	0.06763	0.05329
0.79232	0.82645	0.82681	0.39591	0.41576	0.06957	0.05809
0.79357	0.82788	0.82822	0.39652	0.41454	0.07068	0.06046
0.796	0.83058	0.83077	0.39805	0.41232	0.07326	0.06521
0.79773	0.83227	0.8321	0.3994	0.41083	0.07534	0.06872
0.79949	0.83329	0.83318	0.40098	0.40938	0.07749	0.07237
0.80341	0.83393	0.8351	0.40512	0.4064	0.08217	0.08066
0.8049	0.8339	0.83567	0.40692	0.40536	0.08391	0.08384
0.8053	0.83388	0.83581	0.40741	0.40509	0.08438	0.08469
0.80706	0.83373	0.83632	0.40967	0.40397	0.08637	0.08844
0.81425	0.83249	0.83634	0.41805	0.40083	0.0937	0.11554
0.81518	0.83226	0.83611	0.41884	0.40073	0.09446	0.12309
0.8158	0.83209	0.83594	0.41934	0.40075	0.09491	0.12898
0.81646	0.83191	0.83573	0.41984	0.40084	0.09534	0.13612
0.81883	0.83117	0.83489	0.42152	0.4022	0.09617	0.16794
0.81976	0.83083	0.83452	0.42213	0.40342	0.09615	0.18254
0.82215	0.8298	0.83348	0.42362	0.41296	0.09538	0.22461
0.82343	0.82913	0.83287	0.42437	0.42054	0.09474	0.24891
0.82406	0.82876	0.83255	0.42474	0.42359	0.09439	0.2612
0.8243	0.82862	0.83243	0.42487	0.42472	0.09427	0.26568
0.82848	0.82552	0.83005	0.4271	0.43933	0.09183	0.31629
0.82948	0.82466	0.82941	0.4276	0.44124	0.09118	0.31485
0.83225	0.82244	0.82744	0.42888	0.44455	0.08918	0.29195
0.83425	0.82103	0.8258	0.42973	0.44567	0.08748	0.26336
0.83627	0.81974	0.82394	0.43049	0.44614	0.08548	0.22697
0.83648	0.81961	0.82372	0.43056	0.44616	0.08524	0.22276
0.83697	0.81931	0.82323	0.43072	0.44619	0.0847	0.21299
0.83876	0.81823	0.82122	0.43121	0.44611	0.08238	0.17493
0.84036	0.81732	0.81925	0.43148	0.44582	0.07982	0.13988
0.84854	0.81343	0.81022	0.42903	0.44223	0.06684	0.03189
0.85001	0.81293	0.80948	0.42811	0.44129	0.06614	0.02528
0.85048	0.81279	0.80932	0.4278	0.44098	0.06602	0.02362
0.85054	0.81277	0.8093	0.42777	0.44094	0.06601	0.02345
0.85166	0.81247	0.8091	0.42702	0.44016	0.06592	0.02039
0.85187	0.81241	0.80908	0.42687	0.44	0.06592	0.01992
0.86022	0.81202	0.81257	0.42067	0.43302	0.06938	0.01893
0.86594	0.81439	0.8175	0.41568	0.42778	0.07361	0.02807
0.86886	0.81626	0.82036	0.41274	0.42543	0.07601	0.0342
0.86919	0.81649	0.8207	0.41237	0.42517	0.0763	0.03495
0.86966	0.8168	0.82117	0.41185	0.42481	0.0767	0.03602
0.87085	0.81757	0.82234	0.41044	0.42391	0.07771	0.03876
0.8752	0.82015	0.8265	0.40414	0.41977	0.08154	0.04924
0.87648	0.82081	0.8276	0.40222	0.41797	0.08271	0.05235
0.87933	0.82207	0.82967	0.39911	0.41347	0.0854	0.05903
0.87967	0.82221	0.82987	0.39886	0.41294	0.08573	0.0598
0.88373	0.82349	0.8317	0.39754	0.40786	0.08992	0.06852
0.8838	0.82351	0.83173	0.39753	0.40779	0.09	0.06867
0.88786	0.82422	0.83246	0.3979	0.40475	0.09502	0.07644
0.89176	0.82439	0.83235	0.39895	0.40242	0.10152	0.08337
0.89195	0.82439	0.83233	0.39901	0.40231	0.1018	0.08371
0.89375	0.8243	0.83205	0.39966	0.40118	0.10354	0.08693
0.89638	0.82399	0.83144	0.40074	0.39924	0.10389	0.09129
0.89671	0.82394	0.83135	0.40088	0.39896	0.10383	0.09178
