t	u	v	x	y
0.00306234	-0.00703558	0.0894812	-0.104327	-0.139482
0.00918701	-0.00732262	0.0902417	-0.105179	-0.138842
0.0240683	-0.00806747	0.0920787	-0.107233	-0.137266
0.0389496	-0.00884742	0.0938989	-0.109264	-0.135659
0.0716537	-0.0106154	0.0978367	-0.113641	-0.132019
0.104358	-0.0124458	0.101686	-0.117897	-0.128232
0.39323	-0.0311946	0.131306	-0.149431	-0.0893154
0.649275	-0.0507845	0.150164	-0.167108	-0.0484393
0.843754	-0.0668001	0.159279	-0.173304	-0.0151622
0.934908	-0.074506	0.161925	-0.173965	0.000685337
0.986868	-0.0789216	0.162961	-0.173695	0.00971256
1.10365	-0.0888541	0.164032	-0.171384	0.0298283
1.28526	-0.104104	0.16226	-0.163196	0.0601032
1.46686	-0.118815	0.156399	-0.149684	0.0883065
1.99144	-0.155379	0.118707	-0.0856661	0.150692
2.51602	-0.177995	0.0573219	0.00117	0.173104
2.98852	-0.181661	-0.00737355	0.0797935	0.15327
3.40895	-0.168878	-0.0619825	0.135302	0.106591
3.82938	-0.140281	-0.10353	0.166924	0.0413669
4.30709	-0.0918445	-0.123088	0.167331	-0.0400659
4.70232	-0.0474989	-0.111005	0.139114	-0.101009
5.09755	-0.0125178	-0.074768	0.0895606	-0.146746
5.19855	-0.00631999	-0.0625344	0.0742986	-0.15513
5.29956	-0.00118897	-0.0494542	0.0582709	-0.161987
5.3799	0.00203955	-0.0385521	0.0450787	-0.166296
5.46024	0.0045501	-0.0273054	0.0315838	-0.169557
5.62013	0.00746904	-0.00425294	0.00418505	-0.172821
5.67099	0.00782326	0.00319892	-0.00461045	-0.172945
5.72185	0.00791866	0.0106669	-0.0133998	-0.17262
5.84886	0.00704748	0.0292504	-0.035162	-0.169852
5.97586	0.00464074	0.0475207	-0.0563962	-0.164309
6.14508	-0.000760554	0.0709053	-0.0832818	-0.15273
6.3143	-0.00844255	0.0926285	-0.107828	-0.136644
6.57108	-0.0237524	0.12123	-0.139005	-0.104719
6.91543	-0.0493345	0.149062	-0.166178	-0.0513385
7.25977	-0.0780505	0.162746	-0.17375	0.00792636
7.72957	-0.117149	0.157301	-0.151531	0.0853073
8.19937	-0.150869	0.125857	-0.0967494	0.14397
8.70271	-0.175183	0.0698182	-0.0154404	0.172419
9.23959	-0.181962	-0.00304298	0.0748829	0.155635
9.77648	-0.164254	-0.071732	0.143744	0.0943918
10.3535	-0.117213	-0.117618	0.171722	-9.52531e-05
10.8308	-0.0642736	-0.11851	0.152535	-0.0786089
11.2523	-0.0223989	-0.0882944	0.107082	-0.13384
11.3539	-0.014635	-0.0773696	0.0929417	-0.144048
11.4556	-0.00797471	-0.0653577	0.0778427	-0.152827
11.5433	-0.00321663	-0.054239	0.0641444	-0.159183
11.6311	0.000650774	-0.0425537	0.0499415	-0.164349
11.7396	0.00422745	-0.0275011	0.031848	-0.169024
11.8481	0.00652005	-0.0119709	0.0133529	-0.171745
12.1038	0.00707808	0.0253667	-0.0306001	-0.1702
12.3595	0.00143092	0.0617127	-0.0727293	-0.157443
12.6152	-0.00967098	0.0948165	-0.110228	-0.134147
12.9849	-0.0331685	0.133227	-0.151283	-0.0851166
13.4685	-0.0718784	0.160851	-0.173563	-0.0046941
13.9521	-0.112592	0.15923	-0.156012	0.0762369
14.4501	-0.148751	0.128406	-0.10094	0.140783
14.948	-0.173889	0.0742766	-0.021604	0.171549
15.3501	-0.182116	0.0206219	0.0472249	0.1661
15.7522	-0.177395	-0.0342004	0.10839	0.133835
16.2156	-0.154143	-0.0879914	0.156617	0.0703555
16.6839	-0.112208	-0.119303	0.17139	-0.00835317
17.096	-0.0662767	-0.119036	0.153742	-0.0759532
17.5081	-0.0247123	-0.0908752	0.110525	-0.13087
17.5562	-0.0207112	-0.0860211	0.104108	-0.136035
17.5992	-0.0173568	-0.0814454	0.0981676	-0.140396
17.6422	-0.014226	-0.0766606	0.092045	-0.144507
17.7407	-0.00784834	-0.0649847	0.077387	-0.152948
17.8392	-0.00261432	-0.0524512	0.0619679	-0.159955
17.9575	0.00220406	-0.0365034	0.042652	-0.166374
18.0758	0.00546368	-0.0198389	0.0227106	-0.170518
18.257	0.007562	0.00645991	-0.00841879	-0.172287
18.4381	0.00636871	0.0328822	-0.0393638	-0.168402
18.6964	-0.000576398	0.0690584	-0.0811326	-0.15324
18.8321	-0.00640168	0.0866978	-0.101134	-0.140965
18.9679	-0.0135772	0.103012	-0.119284	-0.126005
19.1958	-0.0281151	0.12674	-0.144667	-0.09568
19.5158	-0.0523995	0.150779	-0.167402	-0.0450136
19.8359	-0.0791181	0.162475	-0.17306	0.0100557
20.2386	-0.11273	0.158845	-0.155387	0.0767314
20.6414	-0.142797	0.135787	-0.11305	0.130858
21.1218	-0.169521	0.0874053	-0.0399304	0.167806
21.6798	-0.182069	0.0139982	0.0549541	0.163151
22.2378	-0.169298	-0.0596515	0.13284	0.108349
22.8328	-0.125476	-0.113144	0.170463	0.0142999
23.0602	-0.101851	-0.121287	0.169218	-0.0245178
23.2876	-0.0764992	-0.121043	0.159366	-0.0618233
23.5508	-0.0474693	-0.109926	0.137836	-0.100884
23.85	-0.0198093	-0.0843701	0.102014	-0.136929
24.0956	-0.00412193	-0.0554114	0.0656391	-0.157862
24.1801	-0.000301502	-0.0442768	0.052078	-0.162986
24.2219	0.00130201	-0.0386055	0.0452249	-0.165102
24.2855	0.00336628	-0.0297988	0.0346419	-0.16778
24.3709	0.00543915	-0.0177042	0.0202035	-0.170326
24.5166	0.00718223	0.00338239	-0.00476307	-0.17183
24.7226	0.006009	0.033343	-0.0398694	-0.167735
24.9286	0.000895119	0.0623232	-0.073386	-0.156421
25.2218	-0.0122908	0.0996326	-0.115506	-0.128765
25.5149	-0.0309841	0.129874	-0.147786	-0.0897486
25.8987	-0.0608361	0.155504	-0.170637	-0.0275655
26.3731	-0.100674	0.16217	-0.164517	0.0533199
26.8475	-0.137564	0.141149	-0.122237	0.121919
27.3811	-0.168411	0.0897689	-0.0434121	0.166559
27.9146	-0.181754	0.0202924	0.0473089	0.165161
28.4482	-0.172212	-0.0509825	0.124597	0.117296
29.0542	-0.131023	-0.10945	0.168932	0.024367
29.2638	-0.110212	-0.119137	0.170289	-0.0113346
29.4733	-0.0872468	-0.121922	0.16422	-0.0463736
29.6829	-0.0638528	-0.11737	0.151004	-0.0792883
29.9024	-0.0403464	-0.104828	0.130147	-0.110049
30.0958	-0.022837	-0.0878029	0.106576	-0.132953
30.2892	-0.00912332	-0.0662253	0.0790237	-0.15108
30.4929	0.000759072	-0.0399255	0.0468391	-0.164255
30.6767	0.00568829	-0.0141775	0.0160319	-0.170465
30.791	0.00694204	0.00234732	-0.00352277	-0.171475
30.8867	0.00698454	0.0162667	-0.0198912	-0.170601
31.0163	0.00561334	0.0350006	-0.0417779	-0.16691
31.1629	0.00220782	0.0556662	-0.0657086	-0.159311
31.2925	-0.00232708	0.0731617	-0.0857447	-0.149665
31.4416	-0.00914976	0.0920346	-0.10703	-0.135369
31.6103	-0.0186856	0.111325	-0.12824	-0.115464
31.779	-0.029846	0.12799	-0.145798	-0.0921787
32.2731	-0.0685496	0.158721	-0.172107	-0.0116656
32.7671	-0.109824	0.159323	-0.15724	0.0710862
33.2735	-0.147172	0.129625	-0.103328	0.137725
33.7921	-0.17333	0.0740453	-0.0216584	0.170487
34.1979	-0.18161	0.0201863	0.0473753	0.16497
34.6037	-0.176587	-0.0347883	0.10858	0.132337
35.0094	-0.157265	-0.0823616	0.15189	0.0779446
35.4353	-0.12168	-0.114745	0.170474	0.00776058
35.8612	-0.0754327	-0.120633	0.158547	-0.0631523
36.2871	-0.0305612	-0.0966374	0.118431	-0.122682
36.5524	-0.0102759	-0.0687362	0.0821405	-0.149542
36.6569	-0.00440805	-0.0557526	0.0660756	-0.15743
36.7615	0.000255738	-0.0419472	0.0492744	-0.163651
36.858	0.00346287	-0.0286494	0.0332802	-0.167842
36.9544	0.00566113	-0.0149625	0.0169575	-0.170499
37.194	0.00691448	0.0198215	-0.0240639	-0.170269
37.4337	0.00264081	0.054052	-0.0638584	-0.160211
37.6733	-0.00656087	0.0858385	-0.100103	-0.140753
37.9475	-0.0220745	0.117127	-0.13448	-0.108369
38.2217	-0.0415923	0.141161	-0.158767	-0.0676649
38.4958	-0.0637392	0.156596	-0.171124	-0.0219324
38.5793	-0.0705158	0.159463	-0.172356	-0.00755513
38.6527	-0.0767373	0.161265	-0.172446	0.00509885
38.726	-0.082941	0.162384	-0.171609	0.0177041
38.8744	-0.0954379	0.162562	-0.167115	0.0427715
39.0228	-0.10769	0.159983	-0.158971	0.0668224
39.2854	-0.12827	0.148912	-0.136244	0.105381
39.6622	-0.153639	0.119858	-0.08805	0.147576
40.0391	-0.171949	0.0783345	-0.02764	0.169335
40.5168	-0.181633	0.0151771	0.0532557	0.162892
40.9946	-0.172866	-0.0485034	0.122106	0.11952
41.4968	-0.141861	-0.100663	0.16442	0.0450927
42.0236	-0.0888494	-0.121807	0.164732	-0.0437842
42.5504	-0.0326899	-0.0980447	0.120495	-0.120201
42.6947	-0.0204049	-0.0842142	0.101933	-0.136251
42.839	-0.0102111	-0.068012	0.0812788	-0.149589
42.9744	-0.00289433	-0.0510282	0.0603297	-0.159378
43.101	0.00208011	-0.0340043	0.039728	-0.16596
43.2878	0.0061975	-0.00754933	0.00818718	-0.1709
43.5349	0.00615823	0.0282837	-0.0339358	-0.168341
43.7604	0.00108352	0.0600901	-0.0707823	-0.156934
43.9645	-0.00715967	0.0867897	-0.10114	-0.139542
44.1685	-0.0183649	0.1105	-0.127324	-0.116161
44.479	-0.0397826	0.139068	-0.156717	-0.0714659
44.7896	-0.0645932	0.156785	-0.17104	-0.0199179
45.1914	-0.0982804	0.161987	-0.165287	0.0484553
45.6845	-0.136683	0.141349	-0.122949	0.12027
46.1776	-0.165887	0.095329	-0.0515835	0.163643
46.7052	-0.181071	0.027989	0.0377676	0.167094
47.2328	-0.174404	-0.0429989	0.116642	0.124598
47.716	-0.146742	-0.0953905	0.160966	0.0551841
48.1269	-0.108421	-0.11916	0.169533	-0.0139466
48.5097	-0.0660118	-0.117739	0.152134	-0.0759597
48.8926	-0.0271767	-0.0924451	0.112844	-0.127032
49.1483	-0.00870207	-0.0645841	0.0770348	-0.151581
49.2718	-0.00230573	-0.0489307	0.0577921	-0.160088
49.3016	-0.00104278	-0.0449885	0.0530035	-0.161791
49.336	0.000304591	-0.0403586	0.0474011	-0.163586
49.3751	0.00167955	-0.0350188	0.0409659	-0.165396
49.4647	0.00420622	-0.0225278	0.0260035	-0.1686
49.6048	0.0064407	-0.00248415	0.00220802	-0.170928
49.7158	0.00677113	0.0136071	-0.0167433	-0.170407
49.8267	0.00589873	0.0296527	-0.0355193	-0.167776
50.0058	0.00208452	0.0549538	-0.064857	-0.159133
50.1848	-0.00444597	0.0788639	-0.092181	-0.145266
50.4239	-0.0168468	0.107446	-0.123982	-0.119364
50.7231	-0.0369952	0.135932	-0.15365	-0.0773121
51.0223	-0.0605368	0.15454	-0.169589	-0.0283326
51.5001	-0.100439	0.161441	-0.163749	0.0527275
51.978	-0.137438	0.140387	-0.121417	0.121468
52.4727	-0.166376	0.0937491	-0.0494048	0.164065
52.9842	-0.18093	0.0284351	0.0371711	0.167085
53.4958	-0.175034	-0.0404628	0.114153	0.126926
54.015	-0.145567	-0.0967861	0.161953	0.052636
54.5013	-0.0985572	-0.121152	0.167694	-0.0293902
54.9471	-0.0490875	-0.110375	0.138767	-0.0984385
55.3487	-0.0137708	-0.0743992	0.089315	-0.144811
55.563	-0.00184399	-0.0478526	0.0564666	-0.160772
55.5921	-0.000623676	-0.0439827	0.051771	-0.162399
55.6211	0.00049926	-0.0400637	0.0470317	-0.163891
55.6637	0.00198035	-0.0342325	0.0400075	-0.165834
55.7063	0.00326204	-0.028313	0.0329067	-0.167483
55.8711	0.00639822	-0.00484949	0.00499309	-0.171014
55.9257	0.00680039	0.00307044	-0.00435833	-0.171173
55.9803	0.00690565	0.0110101	-0.0137034	-0.17082
56.1088	0.00600871	0.0296086	-0.0354785	-0.167974
56.2373	0.00356082	0.0478839	-0.0567075	-0.162321
56.433	-0.00290774	0.0744807	-0.0872231	-0.148479
56.6288	-0.0123205	0.0987412	-0.114454	-0.128777
56.9833	-0.0352935	0.134237	-0.152023	-0.0808145
57.4967	-0.0765389	0.16085	-0.172018	0.00464543
58.0101	-0.118888	0.154692	-0.147637	0.0880656
58.5824	-0.157716	0.112257	-0.0766241	0.153158
59.1415	-0.178998	0.0451134	0.0162169	0.170132
59.6282	-0.178824	-0.0209891	0.0938279	0.142265
60.1149	-0.158248	-0.0796247	0.149276	0.0808918
60.6371	-0.113862	-0.117083	0.169554	-0.00491018
61.1949	-0.0526627	-0.111771	0.141336	-0.0935041
61.6272	-0.0144947	-0.0741576	0.0891503	-0.143993
61.6651	-0.0120056	-0.0697858	0.0836241	-0.1473
61.703	-0.00959501	-0.065281	0.0779791	-0.150403
61.7623	-0.0062171	-0.0579728	0.068922	-0.154837
61.8431	-0.00229839	-0.047583	0.0562058	-0.16002
61.9385	0.00135102	-0.0347626	0.0407019	-0.164833
62.0485	0.00431435	-0.0194209	0.0223398	-0.168558
62.1586	0.00599775	-0.00369617	0.0036779	-0.170269
62.3806	0.00565976	0.0283526	-0.0339667	-0.167457
62.6026	0.000722307	0.0595105	-0.0700588	-0.156305
62.8292	-0.00853472	0.0888884	-0.103418	-0.136791
63.0604	-0.0216387	0.114967	-0.132017	-0.109434
63.2916	-0.03762	0.135978	-0.153567	-0.0760859
63.7725	-0.0761858	0.160213	-0.171389	0.0038513
64.2534	-0.115828	0.155804	-0.15036	0.0823227
64.7529	-0.151186	0.122677	-0.0928262	0.143622
65.2712	-0.175112	0.0648522	-0.00965054	0.170471
65.7894	-0.180643	-0.00477385	0.076029	0.152599
66.3077	-0.163656	-0.0701532	0.141548	0.0940759
66.8353	-0.122367	-0.11364	0.169508	0.00931431
67.2783	-0.0745497	-0.119713	0.157168	-0.0640668
67.7214	-0.0286557	-0.0937671	0.114681	-0.124944
67.9931	-0.00884527	-0.0644856	0.0769401	-0.151293
68.0936	-0.00356326	-0.0518359	0.0613634	-0.15839
68.1853	0.000293288	-0.0396801	0.046605	-0.163509
68.268	0.00296033	-0.0282965	0.0329203	-0.166981
68.3508	0.00489531	-0.0166276	0.0189946	-0.169329
68.4771	0.00646186	0.00151704	-0.00249813	-0.170693
68.5842	0.0065124	0.0170113	-0.0207197	-0.169723
68.744	0.00453695	0.0399639	-0.0475002	-0.164632
68.9568	-0.00163494	0.069258	-0.0812398	-0.151243
69.1696	-0.0113737	0.095999	-0.11137	-0.130814
69.6285	-0.0416034	0.140379	-0.157845	-0.0677434
70.0874	-0.0788808	0.161139	-0.171561	0.00941959
70.5786	-0.11927	0.154338	-0.147045	0.0888074
71.102	-0.155207	0.116614	-0.0832748	0.149763
71.6255	-0.177303	0.055685	0.0026152	0.171107
72.0952	-0.180553	-0.00797473	0.079747	0.151071
72.5111	-0.167903	-0.0613171	0.133889	0.105235
72.9271	-0.139917	-0.101972	0.164897	0.0414757
73.4055	-0.0921006	-0.121508	0.165552	-0.0391625
73.7357	-0.0552358	-0.113448	0.143998	-0.0904168
73.9178	-0.0366752	-0.101371	0.125257	-0.11484
74.0999	-0.0207463	-0.0845625	0.102403	-0.135593
74.2133	-0.0125891	-0.0720594	0.086387	-0.146379
74.3268	-0.00586888	-0.05829	0.0692497	-0.155348
74.4518	-0.000153482	-0.0419674	0.0493456	-0.162977
74.5881	0.0041066	-0.0231319	0.0267247	-0.168467
74.7342	0.00644784	-0.00223566	0.00191489	-0.170926
74.7936	0.00676868	0.00636827	-0.00823231	-0.170892
74.8529	0.00673709	0.014984	-0.0183585	-0.170255
75.0007	0.00518498	0.0362956	-0.0432554	-0.166047
75.1485	0.00162974	0.0570399	-0.0672583	-0.158149
75.3174	-0.00466835	0.0794974	-0.0928971	-0.144802
75.5072	-0.0142731	0.102494	-0.118568	-0.124729
75.6971	-0.026116	0.122426	-0.139975	-0.10002
76.1798	-0.0629628	0.155858	-0.170434	-0.0232734
76.6624	-0.1033	0.160892	-0.161909	0.0583451
77.1637	-0.141448	0.136144	-0.114231	0.128296
77.6837	-0.169997	0.084023	-0.0356068	0.167678
78.2037	-0.181544	0.0158834	0.0523671	0.163027
78.6167	-0.175277	-0.039646	0.113336	0.127706
79.0298	-0.153943	-0.086666	0.154955	0.0706802
79.4758	-0.114964	-0.117271	0.170263	-0.00347806
79.9549	-0.0620693	-0.116629	0.149668	-0.0812564
80.1334	-0.0432467	-0.106577	0.132863	-0.106356
80.3119	-0.0264315	-0.0917514	0.11188	-0.128175
80.4515	-0.0155188	-0.0772619	0.0929544	-0.142534
80.5522	-0.00896249	-0.0654977	0.0781457	-0.151247
80.653	-0.00356463	-0.052831	0.0625335	-0.158478
80.8227	0.00297377	-0.0299574	0.0348715	-0.167087
80.9924	0.00633969	-0.00582744	0.00614852	-0.170986
81.0449	0.00677036	0.00178018	-0.00283841	-0.17121
81.0974	0.00692426	0.00940926	-0.0118231	-0.170961
81.2348	0.00605112	0.0293227	-0.0351468	-0.16807
81.3722	0.00340438	0.0488731	-0.0578535	-0.161964
81.569	-0.00322698	0.0755533	-0.088444	-0.147804
81.8253	-0.0162182	0.106565	-0.123048	-0.120645
82.0816	-0.0331312	0.131792	-0.149603	-0.0853461
82.5577	-0.0708509	0.159345	-0.172114	-0.0069694
83.0338	-0.110573	0.158822	-0.156332	0.0724062
83.5316	-0.147077	0.129365	-0.103063	0.137577
84.0512	-0.173293	0.0737449	-0.0213392	0.170254
84.4576	-0.181489	0.0198467	0.0476809	0.1646
84.864	-0.176476	-0.0351092	0.108798	0.131808
85.3113	-0.154109	-0.0866173	0.154995	0.0709549
85.7995	-0.110735	-0.11881	0.170173	-0.0104214
86.2877	-0.0565549	-0.114492	0.145591	-0.0886774
86.4724	-0.0375931	-0.102549	0.126845	-0.113722
86.6404	-0.0225457	-0.0874122	0.106069	-0.133271
86.7918	-0.01153	-0.0708189	0.0847715	-0.147811
86.9969	-0.000752448	-0.0449203	0.0528889	-0.162261
87.0369	0.000796908	-0.0395092	0.0463454	-0.164328
87.077	0.00217474	-0.0340101	0.0397243	-0.166137
87.1482	0.00419169	-0.0240597	0.0278062	-0.168703
87.2505	0.00613929	-0.00945145	0.0104296	-0.170914
87.3807	0.00703652	0.00944421	-0.0118753	-0.171157
87.539	0.00586529	0.0323866	-0.0387301	-0.167536
87.6972	0.00236635	0.0547718	-0.0646743	-0.159656
87.966	-0.00835644	0.0900454	-0.104803	-0.137036
88.2348	-0.0240697	0.119949	-0.137441	-0.104236
88.6075	-0.0516451	0.149378	-0.16596	-0.0467262
89.084	-0.0913343	0.162807	-0.169	0.0346724
89.5606	-0.129515	0.147975	-0.134491	0.107752
90.0802	-0.162421	0.103625	-0.0635171	0.159731
90.5458	-0.179232	0.0463687	0.014899	0.171046
90.9576	-0.180823	-0.00990712	0.0820672	0.150427
91.3693	-0.167635	-0.0626718	0.135308	0.104283
91.8071	-0.137408	-0.104643	0.166667	0.0363756
92.271	-0.0902266	-0.121978	0.165401	-0.0420634
92.6854	-0.0444255	-0.107801	0.134593	-0.104721
93.0165	-0.0153831	-0.0775444	0.0932647	-0.142743
93.2298	-0.00288109	-0.0515302	0.0609177	-0.159494
93.4431	0.00457131	-0.0223348	0.0257385	-0.169219
93.6563	0.00711339	0.00845068	-0.0107159	-0.171379
93.8831	0.00485854	0.0412372	-0.0490306	-0.165126
94.1098	-0.00204217	0.0724497	-0.0849428	-0.150244
94.3547	-0.0139744	0.102704	-0.118861	-0.125284
94.6177	-0.0309181	0.129488	-0.147346	-0.0899187
94.8808	-0.0509024	0.148943	-0.165637	-0.0482588
95.3264	-0.0879991	0.162847	-0.170319	0.0279366
95.772	-0.124288	0.151928	-0.141832	0.0980989
96.2404	-0.15584	0.116281	-0.0824996	0.150933
96.7317	-0.176946	0.0591172	-0.00167115	0.17176
97.2229	-0.180947	-0.00755156	0.0795096	0.151928
97.7217	-0.16403	-0.0706539	0.142372	0.0945153
98.228	-0.124579	-0.113262	0.17015	0.0128787
98.6822	-0.0755657	-0.120643	0.158603	-0.062896
99.1363	-0.0281481	-0.0942078	0.115098	-0.125777
99.3662	-0.010876	-0.0697352	0.0834012	-0.148788
99.4608	-0.0053842	-0.0581028	0.0689659	-0.156114
99.5555	-0.000913355	-0.0457678	0.0539039	-0.162088
99.6178	0.00147269	-0.0373255	0.0437009	-0.165254
99.6801	0.00343078	-0.0286806	0.0333205	-0.167792
99.858	0.00673275	-0.003274	0.00310709	-0.171475
99.9184	0.00708921	0.00551303	-0.00725882	-0.171508
99.9789	0.00708363	0.0143145	-0.0176063	-0.170912
100.099	0.00603236	0.031704	-0.037944	-0.16787
100.219	0.00362448	0.0487821	-0.0577708	-0.162376
100.345	-0.000260433	0.0661856	-0.077792	-0.154
100.478	-0.0057444	0.0835459	-0.0975163	-0.142466
100.611	-0.0125083	0.0996836	-0.115533	-0.128333
100.996	-0.0379033	0.137486	-0.155278	-0.0753498
101.381	-0.0687603	0.158858	-0.172202	-0.0112521
101.824	-0.105945	0.160623	-0.160476	0.063559
102.327	-0.143775	0.133925	-0.110319	0.132307
102.83	-0.170831	0.0823773	-0.033127	0.168683
103.335	-0.18177	0.0157231	0.0526994	0.163334
103.841	-0.17192	-0.0515894	0.125094	0.116522
104.347	-0.13944	-0.102844	0.165653	0.0403955
104.908	-0.0817728	-0.12143	0.161675	-0.0540131
105.47	-0.0240612	-0.088996	0.108219	-0.131381
105.534	-0.019045	-0.0823907	0.0995561	-0.138074
105.598	-0.0143054	-0.0753182	0.0904799	-0.144218
105.663	-0.0100987	-0.0678122	0.0810272	-0.149789
105.739	-0.00570247	-0.0583804	0.069334	-0.15564
105.816	-0.00198908	-0.0484835	0.0572265	-0.160607
105.929	0.00229318	-0.0332122	0.0387728	-0.166252
106.078	0.00580429	-0.0121448	0.0136302	-0.17052
106.236	0.00696905	0.0107837	-0.0134435	-0.170943
106.404	0.00550668	0.0350232	-0.0417926	-0.166714
106.571	0.00145984	0.0585666	-0.0690348	-0.157732
106.762	-0.00598542	0.0837373	-0.0977089	-0.141995
106.953	-0.0160757	0.106389	-0.122863	-0.120931
107.233	-0.034706	0.133697	-0.151514	-0.082054
107.603	-0.0638319	0.156486	-0.170915	-0.0214657
107.972	-0.0948823	0.162422	-0.167163	0.0416767
108.495	-0.135882	0.142191	-0.124366	0.118909
109.018	-0.166741	0.093304	-0.0486556	0.164621
109.54	-0.181239	0.0262507	0.0399622	0.166766
110.063	-0.174267	-0.0440447	0.117821	0.123947
110.59	-0.142862	-0.0998582	0.164034	0.0469841
111.121	-0.0897173	-0.12195	0.165163	-0.0426711
111.652	-0.0326665	-0.0984035	0.120925	-0.119955
111.884	-0.0141027	-0.0749528	0.0900178	-0.14459
111.984	-0.00775586	-0.0631187	0.0751815	-0.152925
112.079	-0.00283076	-0.0510624	0.0603619	-0.159495
112.169	0.000893144	-0.0390411	0.0457839	-0.16444
112.306	0.0048488	-0.0199047	0.0228518	-0.169464
112.451	0.00682922	0.0010472	-0.00198257	-0.171354
112.558	0.00690357	0.0165549	-0.0202223	-0.170443
112.695	0.00538928	0.0363174	-0.0433024	-0.166415
112.808	0.00285133	0.0521974	-0.0617018	-0.160731
112.865	0.00112809	0.0601638	-0.0708739	-0.156999
112.936	-0.00135688	0.0696538	-0.0817388	-0.151722
113.019	-0.0047889	0.0804821	-0.0940393	-0.144502
113.149	-0.0112139	0.0965792	-0.112076	-0.131069
113.328	-0.0217678	0.116299	-0.13356	-0.10905
113.506	-0.034027	0.132956	-0.150785	-0.0834681
113.994	-0.072912	0.160113	-0.172354	-0.00271521
114.482	-0.113494	0.157722	-0.153703	0.0780778
114.985	-0.149811	0.125807	-0.0973077	0.141813
115.503	-0.174676	0.0687043	-0.014472	0.171086
116.022	-0.181396	-0.00101295	0.072124	0.155546
116.54	-0.165619	-0.0674346	0.139604	0.0985945
117.065	-0.125529	-0.112777	0.170059	0.0145205
117.509	-0.0777495	-0.121043	0.15981	-0.0598528
117.954	-0.0307666	-0.0968477	0.118717	-0.122396
118.229	-0.009785	-0.0678079	0.0809793	-0.150179
118.336	-0.00393581	-0.0545274	0.0645745	-0.158063
118.42	-0.000155191	-0.0433594	0.0509828	-0.163103
118.488	0.00229182	-0.0340524	0.0397609	-0.166335
118.556	0.00423361	-0.0245221	0.0283454	-0.168811
118.71	0.0067986	-0.00246689	0.00215184	-0.171543
118.819	0.00712559	0.0133149	-0.016435	-0.171049
118.927	0.00630012	0.0290556	-0.0348581	-0.168533
119.085	0.00311774	0.051582	-0.0610072	-0.161261
119.179	0.000201746	0.0644773	-0.0758383	-0.154991
119.227	-0.00156537	0.0708965	-0.0831746	-0.151241
119.31	-0.00505213	0.0816741	-0.0954064	-0.143916
119.428	-0.0108733	0.096181	-0.111657	-0.131759
119.607	-0.0214523	0.116087	-0.133367	-0.109689
119.848	-0.0383097	0.137898	-0.155672	-0.0744992
120.089	-0.0573002	0.153202	-0.168932	-0.0349879
120.547	-0.0956788	0.162602	-0.167064	0.0433541
121.006	-0.132022	0.145975	-0.130853	0.112198
121.53	-0.164344	0.0994153	-0.0573641	0.162005
122.12	-0.181409	0.0242821	0.0423942	0.166205
122.709	-0.170963	-0.0542041	0.127526	0.113645
123.319	-0.128043	-0.111082	0.169338	0.0190841
123.539	-0.105781	-0.120039	0.169404	-0.0183529
123.76	-0.0813608	-0.12126	0.161324	-0.0547348
123.98	-0.0570422	-0.114347	0.145502	-0.0884007
124.145	-0.0396399	-0.103986	0.128992	-0.11099
124.216	-0.0329001	-0.0982934	0.120843	-0.119775
124.389	-0.018293	-0.0815799	0.0984816	-0.138746
124.466	-0.012897	-0.0729857	0.0875223	-0.145954
124.543	-0.00813224	-0.0638067	0.0760415	-0.152327
124.677	-0.00138318	-0.0465658	0.0548993	-0.161358
124.76	0.00172645	-0.0353922	0.0413995	-0.165499
124.833	0.00386037	-0.0252534	0.0292451	-0.168237
124.951	0.00612176	-0.008386	0.00917827	-0.170803
125.07	0.00692323	0.00888786	-0.0112103	-0.170989
125.19	0.00630718	0.0261781	-0.0314764	-0.16874
125.455	0.000220017	0.0634927	-0.0746824	-0.155109
125.72	-0.0115848	0.0972212	-0.112776	-0.130308
126.093	-0.0356239	0.134703	-0.152501	-0.0801508
126.572	-0.0740476	0.160408	-0.172331	-0.000399153
127.052	-0.113929	0.157473	-0.153222	0.0788724
127.574	-0.151248	0.123593	-0.0938619	0.144041
128.096	-0.175519	0.0651796	-0.00976071	0.17137
128.617	-0.181089	-0.00525467	0.0768999	0.153167
129.139	-0.163702	-0.0712872	0.142905	0.0936323
129.667	-0.121856	-0.114654	0.170463	0.00813671
130.108	-0.0738808	-0.120303	0.157648	-0.0652347
130.55	-0.0280131	-0.0940174	0.114848	-0.125987
130.77	-0.0113891	-0.0706563	0.084559	-0.148109
130.864	-0.00580148	-0.0590753	0.0701642	-0.155553
130.959	-0.00124388	-0.0467777	0.0551307	-0.161645
131.032	0.00155509	-0.0369676	0.0432708	-0.165357
131.104	0.00377215	-0.0268851	0.0311728	-0.168219
131.264	0.00667503	-0.00397516	0.00393717	-0.171432
131.32	0.00704808	0.0041402	-0.00564073	-0.17153
131.376	0.00710865	0.0122726	-0.0152081	-0.171092
131.517	0.0059265	0.0326519	-0.0390475	-0.167618
131.657	0.00289385	0.0525858	-0.0621632	-0.160781
131.801	-0.00196187	0.072156	-0.0846067	-0.150403
131.949	-0.00862428	0.090919	-0.105793	-0.136447
132.096	-0.0167803	0.10804	-0.124691	-0.119425
132.566	-0.0501698	0.148461	-0.165259	-0.0497667
133.035	-0.0892264	0.162954	-0.169971	0.0304869
133.531	-0.129129	0.148467	-0.135275	0.107075
134.052	-0.162314	0.104126	-0.0642069	0.159658
134.519	-0.179236	0.0467734	0.0144293	0.171273
134.931	-0.180845	-0.00952877	0.0817275	0.150823
135.342	-0.168009	-0.0624135	0.135156	0.104782
135.83	-0.133294	-0.107987	0.16841	0.0285699
136.317	-0.0823213	-0.121817	0.162296	-0.0535473
136.695	-0.0409025	-0.105564	0.131138	-0.109331
137.018	-0.013505	-0.0747317	0.0896684	-0.145307
137.23	-0.00161433	-0.0484422	0.0571321	-0.161167
137.259	-0.000391454	-0.044571	0.0524353	-0.16281
137.288	0.000734891	-0.0406505	0.0476943	-0.164318
137.325	0.00204912	-0.0355552	0.0415547	-0.166054
137.362	0.00321262	-0.0303908	0.0353548	-0.167566
137.54	0.00673366	-0.00510732	0.00526241	-0.171604
137.596	0.00714873	0.00309415	-0.00442091	-0.171775
137.652	0.00724694	0.011316	-0.0140972	-0.1714
137.765	0.00652058	0.0276664	-0.0332469	-0.169015
137.877	0.0045896	0.0437921	-0.0520069	-0.164467
138.028	0.00023633	0.0647673	-0.0761831	-0.155025
138.179	-0.00598028	0.084545	-0.0986595	-0.141942
138.433	-0.0200161	0.113981	-0.131138	-0.112658
138.789	-0.0454541	0.144847	-0.162185	-0.0595721
139.146	-0.0747152	0.160957	-0.17277	0.00092415
139.609	-0.113296	0.158121	-0.154266	0.0777856
140.073	-0.147247	0.129712	-0.103401	0.137906
140.566	-0.172496	0.0773368	-0.0261009	0.170002
141.086	-0.181801	0.00795603	0.0618725	0.160118
141.607	-0.168767	-0.0602064	0.133143	0.107221
142.184	-0.126499	-0.11216	0.169815	0.0162851
142.41	-0.103378	-0.120682	0.169138	-0.0221446
142.635	-0.078211	-0.120987	0.159899	-0.059278
142.861	-0.053214	-0.112723	0.142584	-0.0933387
143.102	-0.0293197	-0.0950311	0.116295	-0.124432
143.321	-0.0123127	-0.0721141	0.0864085	-0.146838
143.52	-0.00150824	-0.0472355	0.055701	-0.161273
143.582	0.000935402	-0.0389407	0.045661	-0.164516
143.643	0.00295705	-0.0304396	0.0354402	-0.167149
143.717	0.00483709	-0.0200097	0.0229765	-0.169487
143.804	0.00629617	-0.00761465	0.00825424	-0.171055
143.915	0.00702646	0.00853619	-0.0108069	-0.171201
144.051	0.00624641	0.0283028	-0.0339676	-0.168489
144.187	0.00371732	0.04773	-0.0565435	-0.162611
144.425	-0.00453528	0.079843	-0.093321	-0.145033
144.663	-0.0169901	0.108237	-0.124889	-0.119007
144.992	-0.0395192	0.138973	-0.156665	-0.071992
145.413	-0.0735312	0.160341	-0.172421	-0.0014648
145.834	-0.108682	0.159612	-0.158088	0.0688127
146.356	-0.147203	0.12938	-0.103023	0.137798
146.878	-0.17347	0.0733363	-0.0207365	0.170482
147.29	-0.181637	0.0186098	0.0492154	0.164302
147.702	-0.176127	-0.0370313	0.110797	0.130311
148.152	-0.152955	-0.0883059	0.156308	0.0683774
148.639	-0.109121	-0.119416	0.170141	-0.013148
149.078	-0.060176	-0.116129	0.14852	-0.0839416
149.47	-0.0218966	-0.0868944	0.105349	-0.134045
149.701	-0.00639853	-0.0604114	0.0718132	-0.154794
149.815	-0.000891089	-0.0457101	0.0538336	-0.162106
149.84	0.000125358	-0.0423055	0.0497108	-0.163466
149.869	0.00122086	-0.0382953	0.0448697	-0.16492
149.903	0.00235571	-0.0336629	0.0392959	-0.166408
150.008	0.00512142	-0.018859	0.0215938	-0.169859
150.15	0.00697462	0.00163183	-0.00268425	-0.171565
150.258	0.00699536	0.017251	-0.0210506	-0.170567
150.388	0.00554937	0.0360248	-0.0429748	-0.166713
150.521	0.0024304	0.0548561	-0.0647809	-0.159776
150.636	-0.00144857	0.0703972	-0.0826017	-0.151501
150.764	-0.00701493	0.0868926	-0.101281	-0.139816
150.905	-0.0145276	0.103766	-0.120024	-0.124125
151.047	-0.0232858	0.118907	-0.136357	-0.105857
151.403	-0.0493522	0.147768	-0.164653	-0.0514865
151.758	-0.0787669	0.161705	-0.172282	0.00917498
152.177	-0.1135	0.157794	-0.153792	0.0780945
152.659	-0.1485	0.127706	-0.100307	0.139832
153.142	-0.172735	0.0758625	-0.0241592	0.17006
153.628	-0.181753	0.0110954	0.0581416	0.16132
154.115	-0.17125	-0.053332	0.126699	0.114569
154.602	-0.13976	-0.102429	0.165355	0.0411167
155.157	-0.0830822	-0.121451	0.162147	-0.0522057
155.711	-0.0254161	-0.0906818	0.110424	-0.129379
155.904	-0.0114404	-0.0697876	0.0835456	-0.148199
155.991	-0.00624368	-0.0591911	0.0703571	-0.154995
156.057	-0.00289598	-0.0507424	0.0599939	-0.159393
156.123	-8.25681e-05	-0.0419891	0.0493628	-0.163119
156.198	0.00251957	-0.0317028	0.0369735	-0.166522
156.273	0.00449761	-0.0211579	0.0243623	-0.169003
156.38	0.0062819	-0.00586177	0.00619479	-0.170904
156.485	0.00687807	0.009317	-0.0117103	-0.170886
156.589	0.006382	0.0245032	-0.029515	-0.168988
156.849	0.000755009	0.0611612	-0.0720032	-0.15626
157.109	-0.0104235	0.0945194	-0.10977	-0.132744
157.472	-0.0332986	0.131957	-0.149762	-0.0850136
157.938	-0.0701669	0.159083	-0.172025	-0.00837932
158.403	-0.109047	0.159339	-0.157601	0.0695208
158.926	-0.147474	0.128851	-0.102246	0.138167
159.448	-0.173564	0.072666	-0.0198831	0.170416
159.865	-0.181589	0.0172077	0.0508321	0.163634
160.282	-0.175512	-0.0389693	0.112688	0.128445
160.734	-0.151647	-0.0898891	0.157348	0.0655289
161.22	-0.107289	-0.119764	0.169745	-0.015978
161.653	-0.0591499	-0.115571	0.147573	-0.0852735
162.03	-0.0223103	-0.0871958	0.10577	-0.133505
162.265	-0.00647295	-0.0603705	0.0717758	-0.154634
162.386	-0.000707258	-0.0447983	0.05274	-0.162308
162.416	0.000494468	-0.0406386	0.0477083	-0.163918
162.452	0.00175712	-0.0357679	0.0418377	-0.165587
162.492	0.00302388	-0.0301661	0.0351114	-0.167231
162.599	0.00552374	-0.0151204	0.0171569	-0.170266
162.715	0.0068852	0.00171902	-0.00277784	-0.171403
162.776	0.00703327	0.0105888	-0.013221	-0.171074
162.868	0.00658139	0.0239022	-0.0288277	-0.169375
162.99	0.00472491	0.0414668	-0.0492872	-0.16487
163.139	0.000686619	0.0620954	-0.0730941	-0.156054
163.313	-0.00634821	0.0848926	-0.0990191	-0.141226
163.487	-0.0155629	0.105563	-0.121974	-0.121985
163.973	-0.0498019	0.148061	-0.164883	-0.0505493
164.459	-0.0902063	0.16286	-0.169488	0.032449
164.963	-0.130601	0.147184	-0.133011	0.109672
165.485	-0.163282	0.101863	-0.0609309	0.160802
165.961	-0.179751	0.0427827	0.0194768	0.170653
166.391	-0.180014	-0.0160602	0.0888672	0.146554
166.822	-0.164346	-0.0700058	0.141807	0.0953161
167.346	-0.123422	-0.113868	0.170294	0.0108403
167.804	-0.0737556	-0.120285	0.157579	-0.0654089
168.262	-0.0263752	-0.0923348	0.112562	-0.128053
168.543	-0.00668065	-0.061036	0.0725868	-0.154445
168.653	-0.00128346	-0.046873	0.0552472	-0.161634
168.702	0.000716985	-0.040177	0.0471395	-0.164278
168.771	0.00302311	-0.0306793	0.0357146	-0.167281
168.859	0.00520701	-0.0182405	0.0208582	-0.169983
168.947	0.00656658	-0.00556812	0.00582091	-0.171382
169.123	0.00690364	0.0199035	-0.0241588	-0.170227
169.298	0.00427928	0.0450697	-0.0534759	-0.163813
169.504	-0.00230881	0.0733522	-0.0859709	-0.149683
169.742	-0.0139598	0.102701	-0.11886	-0.125305
169.98	-0.0291455	0.127233	-0.145047	-0.0936228
170.4	-0.0615597	0.155649	-0.170597	-0.0261078
170.819	-0.096794	0.162517	-0.166514	0.0455512
171.29	-0.133885	0.144372	-0.127991	0.115484
171.812	-0.165486	0.0968518	-0.0536356	0.163401
172.334	-0.181093	0.0304534	0.0349175	0.168217
172.856	-0.175497	-0.0401624	0.114094	0.127833
173.381	-0.145607	-0.0973935	0.162686	0.0524267
173.865	-0.0985906	-0.121663	0.168311	-0.029521
174.304	-0.0496264	-0.111239	0.139922	-0.0978859
174.743	-0.0113401	-0.0711415	0.0851203	-0.14808
174.842	-0.00561349	-0.0590393	0.0700968	-0.15586
174.941	-0.000884173	-0.046179	0.0543838	-0.162173
175.019	0.00205964	-0.0355575	0.0415562	-0.166079
175.097	0.00433332	-0.0246304	0.0284621	-0.168993
175.211	0.00647948	-0.00831912	0.00906375	-0.171416
175.329	0.00726872	0.00891003	-0.0112704	-0.171593
175.448	0.00665275	0.0261541	-0.0314825	-0.169355
175.668	0.00202779	0.0573942	-0.0677198	-0.15886
175.888	-0.00666875	0.086428	-0.100781	-0.140498
176.171	-0.0228355	0.118538	-0.136004	-0.106771
176.516	-0.0480903	0.147049	-0.164124	-0.0540677
176.862	-0.0766354	0.161479	-0.172729	0.00491922
177.333	-0.11576	0.157025	-0.151855	0.0824166
177.805	-0.149624	0.126423	-0.0981383	0.141693
178.31	-0.174309	0.0709366	-0.017362	0.171133
178.85	-0.181425	-0.00178839	0.0730694	0.155297
179.39	-0.164023	-0.0706006	0.142322	0.0945998
179.93	-0.121319	-0.114916	0.170488	0.00720726
180.373	-0.0732106	-0.120105	0.157157	-0.0662735
180.816	-0.0273501	-0.0931294	0.113694	-0.126855
181.102	-0.00711105	-0.0615963	0.0733019	-0.153927
181.22	-0.00121244	-0.0463574	0.0546326	-0.161684
181.242	-0.000321307	-0.0434688	0.0511307	-0.162866
181.266	0.000623927	-0.0401605	0.0471309	-0.164117
181.293	0.00160182	-0.0364222	0.0426243	-0.165401
181.398	0.00458545	-0.0218421	0.0251569	-0.169177
181.547	0.00680728	-0.000394156	-0.000285735	-0.171411
181.664	0.0069418	0.0166298	-0.0203142	-0.170506
181.807	0.0053146	0.0372434	-0.0443833	-0.166218
181.92	0.00269313	0.0531953	-0.0628575	-0.160373
181.978	0.000937621	0.0611312	-0.0719893	-0.15658
182.046	-0.001486	0.0702511	-0.0824255	-0.151437
182.123	-0.00471809	0.0804062	-0.0939593	-0.14464
182.257	-0.0113168	0.0969096	-0.112449	-0.130845
182.448	-0.0226637	0.117792	-0.135158	-0.107172
182.638	-0.0359113	0.135154	-0.15297	-0.0795268
183.124	-0.0749212	0.16075	-0.172442	0.00141672
183.61	-0.11524	0.15698	-0.152017	0.0814236
184.112	-0.151095	0.12395	-0.0943768	0.143831
184.63	-0.175358	0.0660998	-0.0109497	0.171403
185.148	-0.181236	-0.00381201	0.0753138	0.154073
185.665	-0.164548	-0.0697348	0.141625	0.0957433
186.192	-0.12346	-0.113954	0.1704	0.010821
186.646	-0.0741842	-0.120459	0.157928	-0.0648162
187.1	-0.027063	-0.0931689	0.113672	-0.127192
187.375	-0.00737875	-0.0629197	0.074896	-0.15344
187.471	-0.0024777	-0.0506947	0.0598858	-0.160035
187.558	0.00112251	-0.0389809	0.045687	-0.164815
187.637	0.00363034	-0.0280206	0.0325229	-0.168082
187.716	0.00546811	-0.0168032	0.0191413	-0.170316
187.843	0.00703664	0.00146877	-0.00249895	-0.171694
187.95	0.00707726	0.017125	-0.0209099	-0.170712
188.107	0.00513342	0.0397734	-0.0473389	-0.16572
188.313	-0.00079061	0.0683761	-0.0803047	-0.152869
188.519	-0.0101034	0.0946104	-0.109922	-0.133337
188.955	-0.0383872	0.138153	-0.155956	-0.0743306
189.39	-0.0735644	0.160651	-0.172772	-0.00131685
189.87	-0.113516	0.158043	-0.154059	0.078237
190.394	-0.151196	0.124185	-0.0945949	0.14411
190.918	-0.175693	0.0654701	-0.00997688	0.171812
191.442	-0.181307	-0.00544009	0.0772762	0.153483
191.966	-0.163719	-0.0718609	0.143599	0.0933868
192.494	-0.121627	-0.115164	0.17094	0.00754235
192.93	-0.0740544	-0.120713	0.158179	-0.0651131
193.366	-0.0284627	-0.094976	0.116064	-0.125467
193.633	-0.00862311	-0.066061	0.0787609	-0.15183
193.733	-0.00326483	-0.0534954	0.0632764	-0.159041
193.821	0.000567958	-0.0417759	0.0490367	-0.164149
193.897	0.00317894	-0.0312126	0.0363245	-0.167584
193.974	0.00515508	-0.0203861	0.023386	-0.170054
194.112	0.00713995	-0.000489253	-0.000207264	-0.172004
194.236	0.00724983	0.017564	-0.0214428	-0.170983
194.411	0.00486817	0.0428593	-0.0509393	-0.165038
194.637	-0.00225463	0.0740218	-0.0867648	-0.14973
194.864	-0.0133557	0.102069	-0.118209	-0.126511
195.216	-0.0366816	0.136644	-0.154555	-0.0778428
195.567	-0.0647044	0.157539	-0.171892	-0.0195578
195.977	-0.0992119	0.162516	-0.165533	0.0504197
196.445	-0.135836	0.142929	-0.125261	0.118996
196.913	-0.164293	0.100202	-0.0583405	0.162169
197.447	-0.181079	0.0325942	0.0323649	0.168988
197.982	-0.17566	-0.0398851	0.113838	0.128181
198.516	-0.14499	-0.097974	0.163006	0.051244
199.006	-0.097227	-0.121765	0.167877	-0.031578
199.45	-0.04793	-0.110077	0.138103	-0.100197
199.85	-0.0130329	-0.0735156	0.0881698	-0.146029
200.064	-0.00125526	-0.0468527	0.0552189	-0.16168
200.086	-0.000311352	-0.0438443	0.0515708	-0.162923
200.109	0.000566574	-0.0408065	0.047897	-0.164084
200.137	0.00158813	-0.0369553	0.0432525	-0.165427
200.165	0.0025206	-0.0330627	0.0385719	-0.166642
200.344	0.00644075	-0.00763191	0.00825973	-0.171275
200.456	0.00715548	0.00855628	-0.0108434	-0.17142
200.567	0.00664433	0.0247604	-0.0298432	-0.169432
200.735	0.00365431	0.0487411	-0.0577256	-0.162438
200.852	8.15789e-05	0.0649642	-0.0763967	-0.154732
200.97	-0.00462111	0.0804557	-0.0940301	-0.144824
201.106	-0.0113339	0.097223	-0.112815	-0.130783
201.242	-0.0192661	0.112496	-0.129519	-0.114236
201.484	-0.0358174	0.135254	-0.153108	-0.079697
201.832	-0.0633266	0.156505	-0.171088	-0.0224726
202.18	-0.0925807	0.162822	-0.168534	0.0371264
202.702	-0.133932	0.144291	-0.127871	0.115611
203.224	-0.165552	0.0967011	-0.0534229	0.16346
203.746	-0.181093	0.0302446	0.0351721	0.168154
204.269	-0.175444	-0.0403841	0.114311	0.127623
204.794	-0.145455	-0.0975422	0.162775	0.0521209
205.278	-0.0984663	-0.12167	0.168269	-0.0297091
205.715	-0.0496592	-0.111247	0.13994	-0.0978427
206.153	-0.0114535	-0.071333	0.0853622	-0.147927
206.252	-0.00569068	-0.0592045	0.0703012	-0.155754
206.351	-0.000932674	-0.0463104	0.054544	-0.162106
206.429	0.0020058	-0.0357517	0.0417906	-0.166006
206.506	0.00428113	-0.0248893	0.028772	-0.168926
206.62	0.00645018	-0.00857931	0.00937259	-0.171384
206.74	0.0072623	0.00882762	-0.0111728	-0.171587
206.86	0.0066393	0.0262511	-0.0315952	-0.169325
207.081	0.00195766	0.05768	-0.0680479	-0.158712
207.303	-0.00684225	0.0868616	-0.101268	-0.140137
207.587	-0.0231642	0.11903	-0.136524	-0.106087
207.934	-0.0486023	0.147443	-0.164459	-0.0530027
208.281	-0.0773036	0.161626	-0.172676	0.00628291
208.752	-0.116328	0.156737	-0.151252	0.0834869
209.222	-0.150021	0.125838	-0.097218	0.142304
209.727	-0.174485	0.0702455	-0.0164316	0.171211
210.266	-0.18138	-0.00235492	0.0737068	0.154978
210.804	-0.163858	-0.0709107	0.142581	0.0941812
211.343	-0.12116	-0.11498	0.170487	0.00694067
211.786	-0.0729952	-0.120046	0.157018	-0.0665698
212.23	-0.0271556	-0.0929059	0.113394	-0.127107
212.513	-0.00712309	-0.061588	0.0732944	-0.153916
212.631	-0.00123991	-0.0463977	0.0546829	-0.161653
212.652	-0.000353706	-0.0435404	0.0512186	-0.162824
212.677	0.000607573	-0.0401845	0.0471609	-0.164094
212.705	0.00161851	-0.0363171	0.0424989	-0.165421
212.734	0.00253962	-0.0324088	0.0378011	-0.166619
212.821	0.00483089	-0.0201503	0.0231426	-0.169481
212.908	0.00630452	-0.00764586	0.00829008	-0.171071
213.062	0.00698516	0.0147288	-0.0180833	-0.170716
213.216	0.0053454	0.0369924	-0.0440913	-0.166287
213.436	-0.000711102	0.0674891	-0.0792713	-0.153093
213.72	-0.0141997	0.102958	-0.119125	-0.12483
214.005	-0.0327217	0.131537	-0.149388	-0.0861763
214.479	-0.0702305	0.159321	-0.172283	-0.00820517
214.953	-0.10984	0.159291	-0.157209	0.071029
215.449	-0.146467	0.130399	-0.104624	0.136682
215.969	-0.173048	0.0750756	-0.0230739	0.170251
216.372	-0.181515	0.0217508	0.0454658	0.165458
216.775	-0.177098	-0.0328797	0.106602	0.133889
217.221	-0.155504	-0.0848918	0.153807	0.0739992
217.71	-0.112662	-0.118383	0.170539	-0.00736296
218.199	-0.0583925	-0.115485	0.147269	-0.0862922
218.383	-0.0392518	-0.10404	0.128962	-0.11164
218.567	-0.0225517	-0.0876333	0.106331	-0.133328
218.753	-0.00933783	-0.0669018	0.0798466	-0.150799
218.902	-0.00159848	-0.0480852	0.0567115	-0.161142
218.96	0.000753442	-0.0402014	0.0471645	-0.164302
218.992	0.00186558	-0.0358759	0.0419525	-0.165775
219.049	0.00360082	-0.0279638	0.0324594	-0.168018
219.131	0.00549273	-0.0163062	0.0185545	-0.170313
219.243	0.00692063	-0.000176373	-0.000553365	-0.171605
219.384	0.00690258	0.0203767	-0.0247149	-0.17018
219.561	0.00416091	0.0458379	-0.0543664	-0.163554
219.775	-0.00279395	0.0749657	-0.0878075	-0.148652
219.988	-0.0132491	0.101293	-0.117313	-0.126783
220.337	-0.0362322	0.135742	-0.153593	-0.0788366
220.686	-0.0638876	0.156806	-0.171272	-0.0212908
221.095	-0.0982547	0.162323	-0.165698	0.0484398
221.563	-0.134983	0.143348	-0.126205	0.117415
222.032	-0.163662	0.101073	-0.0597688	0.161228
222.568	-0.180775	0.0335924	0.0309891	0.168845
223.105	-0.175584	-0.0390313	0.11284	0.128549
223.641	-0.145154	-0.0974102	0.16244	0.0517487
224.188	-0.0911922	-0.121808	0.165556	-0.0404837
224.666	-0.0390528	-0.103669	0.128489	-0.11161
224.934	-0.0161971	-0.0783462	0.0943301	-0.141642
224.976	-0.0132825	-0.0736854	0.0884049	-0.145441
225.017	-0.0106305	-0.0688526	0.0823276	-0.149002
225.103	-0.00565051	-0.0582298	0.0691499	-0.155658
225.235	0.000304204	-0.0409604	0.0481088	-0.163612
225.367	0.00432265	-0.0227057	0.0262005	-0.168801
225.594	0.00692466	0.010076	-0.0126071	-0.170941
225.822	0.00442408	0.0428713	-0.0509064	-0.164229
225.995	-0.00060585	0.0667351	-0.0783976	-0.153327
226.113	-0.00543199	0.0821282	-0.0958904	-0.14316
226.23	-0.011281	0.0965762	-0.112062	-0.130938
226.645	-0.0382912	0.13758	-0.155302	-0.0745773
227.059	-0.0715746	0.159604	-0.172189	-0.00550446
227.527	-0.110618	0.158799	-0.156261	0.0726004
228.051	-0.148821	0.127079	-0.0993891	0.140288
228.574	-0.174323	0.0699163	-0.0161312	0.170867
229.098	-0.181387	-0.000398941	0.0714023	0.155808
229.621	-0.165546	-0.0674926	0.139637	0.0984418
230.147	-0.125393	-0.112807	0.17002	0.0142797
230.586	-0.0782721	-0.121078	0.160019	-0.0591134
231.024	-0.0317297	-0.0977185	0.119937	-0.121109
231.296	-0.010688	-0.069445	0.0830333	-0.14896
231.401	-0.00473012	-0.056447	0.0669335	-0.15698
231.506	2.01555e-05	-0.0426092	0.0500803	-0.163321
231.643	0.00434089	-0.0237021	0.0273699	-0.168915
231.779	0.00665053	-0.00412045	0.00411056	-0.171409
232.036	0.00585012	0.0331461	-0.0396218	-0.167482
232.293	-0.00102404	0.0689227	-0.0809193	-0.152394
232.551	-0.0132083	0.101129	-0.117127	-0.12688
232.809	-0.0296626	0.127871	-0.145694	-0.0925455
233.068	-0.0491391	0.147598	-0.164505	-0.051929
233.551	-0.0892396	0.162895	-0.169883	0.0305491
234.035	-0.128231	0.149098	-0.136483	0.105411
234.534	-0.160478	0.107766	-0.0696199	0.157283
234.999	-0.178449	0.0514783	0.00833468	0.171587
235.416	-0.181135	-0.00526791	0.0769477	0.153244
235.832	-0.169152	-0.0592069	0.132229	0.108349
236.32	-0.135604	-0.106212	0.167538	0.0328124
236.809	-0.0850033	-0.121944	0.163428	-0.0496775
237.146	-0.0477232	-0.109982	0.137962	-0.100521
237.33	-0.0297583	-0.0957849	0.117262	-0.123936
237.482	-0.017251	-0.0805797	0.0971349	-0.140282
237.634	-0.00729985	-0.0628103	0.0747565	-0.153507
237.772	-0.000587462	-0.0449863	0.0529464	-0.162541
237.809	0.000845121	-0.0400151	0.0469346	-0.164449
237.846	0.00212843	-0.034969	0.0408567	-0.166141
237.95	0.0049855	-0.0202514	0.0232452	-0.169745
238.055	0.00666254	-0.0051778	0.00535247	-0.171509
238.209	0.00707315	0.0172039	-0.0210019	-0.170703
238.363	0.00518475	0.039416	-0.0469242	-0.165835
238.592	-0.00159734	0.0711846	-0.0835093	-0.151177
238.898	-0.0169081	0.108479	-0.125187	-0.119157
239.204	-0.037741	0.137416	-0.155239	-0.0757248
239.569	-0.0668663	0.158213	-0.172024	-0.0150987
239.933	-0.0975955	0.162475	-0.166142	0.0471327
240.347	-0.130426	0.147403	-0.133363	0.109355
240.809	-0.160126	0.108546	-0.0707774	0.156798
241.272	-0.178187	0.0528643	0.0065417	0.171689
241.759	-0.180356	-0.0134783	0.0860919	0.148315
242.271	-0.160818	-0.0767996	0.147574	0.0863169
242.782	-0.118674	-0.11634	0.17091	0.00244806
243.243	-0.067896	-0.119068	0.154279	-0.0736016
243.654	-0.0259184	-0.0920725	0.112161	-0.128803
243.918	-0.00721016	-0.0627678	0.0746941	-0.153749
244.039	-0.00114774	-0.0471728	0.0555838	-0.161829
244.067	2.84193e-05	-0.0433427	0.0509415	-0.163403
244.1	0.00124942	-0.0389561	0.0456432	-0.165026
244.136	0.00247691	-0.0339977	0.039676	-0.166638
244.243	0.0053072	-0.0188896	0.0216104	-0.170176
244.359	0.00698131	-0.00209836	0.00170054	-0.171829
244.414	0.00727098	0.00581058	-0.00762679	-0.17181
244.532	0.00690663	0.0230554	-0.0278647	-0.17001
244.714	0.00372977	0.0491907	-0.0582622	-0.162542
244.897	-0.00234375	0.0740542	-0.0867917	-0.149552
245.118	-0.0131871	0.101528	-0.117599	-0.126887
245.38	-0.0298916	0.128513	-0.146404	-0.0920309
245.642	-0.0496634	0.1483	-0.165198	-0.0507971
246.123	-0.0897556	0.163169	-0.170018	0.0316155
246.605	-0.128624	0.149085	-0.136264	0.10621
247.103	-0.160801	0.107541	-0.0691604	0.157829
247.568	-0.178651	0.0511835	0.00883375	0.171876
247.982	-0.181262	-0.00542721	0.0772386	0.153444
248.397	-0.169369	-0.0592247	0.132375	0.108653
248.885	-0.135756	-0.106351	0.167805	0.033023
249.374	-0.0851499	-0.122208	0.163767	-0.0496014
249.764	-0.0421512	-0.106674	0.132735	-0.107733
250.093	-0.0138663	-0.0756304	0.0907801	-0.14486
250.306	-0.00177256	-0.0493537	0.0582239	-0.160991
250.319	-0.00119201	-0.0475835	0.0560726	-0.161777
250.332	-0.000632251	-0.0458028	0.0539118	-0.162534
250.355	0.000265177	-0.0428011	0.0502771	-0.163737
250.377	0.00110957	-0.0397704	0.0466166	-0.164862
250.437	0.00312031	-0.0314509	0.0366112	-0.167497
250.497	0.00473566	-0.0229678	0.026465	-0.169537
250.646	0.00707724	-0.00151875	0.00100928	-0.171961
250.778	0.00723451	0.0176341	-0.0215238	-0.170952
250.957	0.00475227	0.0435389	-0.0517261	-0.16478
251.185	-0.00250776	0.0747885	-0.0876351	-0.149202
251.412	-0.0137619	0.102858	-0.119075	-0.125666
251.839	-0.0428871	0.142821	-0.160416	-0.0648917
252.265	-0.0778672	0.161987	-0.172909	0.00750786
252.74	-0.117233	0.156509	-0.150537	0.0853308
253.264	-0.154027	0.120085	-0.0880895	0.148446
253.787	-0.177115	0.0597399	-0.0022682	0.172344
254.264	-0.181445	-0.00524397	0.0771383	0.153808
254.696	-0.168659	-0.0612162	0.1343	0.106686
255.127	-0.139405	-0.103608	0.166513	0.0400099
255.476	-0.105231	-0.120869	0.170151	-0.0194025
255.825	-0.0661604	-0.118737	0.153358	-0.0760576
256.193	-0.0283003	-0.0947483	0.115754	-0.125905
256.479	-0.00736829	-0.0634521	0.0755202	-0.153589
256.634	0.000139466	-0.0433489	0.0509345	-0.163638
256.657	0.00105236	-0.0401693	0.0470917	-0.164832
256.68	0.00189327	-0.0369588	0.0432221	-0.165937
256.715	0.00302525	-0.0321623	0.0374578	-0.167408
256.75	0.00402132	-0.0273104	0.031646	-0.168682
256.784	0.00488771	-0.0224104	0.0257936	-0.169758
256.849	0.00616015	-0.0131753	0.0148055	-0.171227
256.913	0.00698896	-0.00383885	0.00374548	-0.171992
257.004	0.00743834	0.00936237	-0.0118187	-0.171863
257.12	0.00680399	0.0263545	-0.0317334	-0.169617
257.237	0.00488589	0.0431225	-0.0512505	-0.165039
257.353	0.00172451	0.0594753	-0.0701326	-0.158157
257.403	4.32973e-05	0.0662239	-0.0778731	-0.154565
257.478	-0.00289335	0.0762035	-0.0892505	-0.148372
257.579	-0.00750581	0.0890182	-0.103713	-0.138719
257.719	-0.0151069	0.105611	-0.122102	-0.122857
257.899	-0.0265886	0.124334	-0.142129	-0.0989001
258.079	-0.0396367	0.139734	-0.157534	-0.0716701
258.575	-0.080118	0.162484	-0.172715	0.0121446
259.071	-0.120987	0.154507	-0.146382	0.0923757
259.586	-0.156392	0.116199	-0.0820951	0.15182
260.121	-0.178445	0.0528572	0.0067231	0.172095
260.656	-0.179666	-0.0202037	0.0934713	0.144063
261.228	-0.15354	-0.0880347	0.156312	0.069391
261.641	-0.117385	-0.116878	0.17093	0.000412316
261.858	-0.0941806	-0.122068	0.167021	-0.0362672
262.075	-0.0697957	-0.119463	0.155334	-0.0711247
262.291	-0.0461504	-0.109003	0.136422	-0.102639
262.536	-0.0232076	-0.0885469	0.107514	-0.132527
262.781	-0.00637428	-0.0607364	0.0721938	-0.154804
262.941	0.000935187	-0.0397726	0.0466391	-0.164589
263.063	0.00461857	-0.0227629	0.0262363	-0.169316
263.224	0.00701582	0.000434683	-0.00128121	-0.17174
263.424	0.0063328	0.0295442	-0.0354361	-0.168565
263.624	0.00188622	0.0578774	-0.0682719	-0.158562
263.709	-0.00105349	0.0694406	-0.0815247	-0.152293
263.794	-0.00457676	0.0805907	-0.0941945	-0.144884
263.913	-0.0103919	0.0953385	-0.110737	-0.132728
264.066	-0.0192296	0.112605	-0.129654	-0.114295
264.219	-0.0293809	0.12769	-0.145537	-0.0931158
264.7	-0.0669409	0.158306	-0.172117	-0.014949
265.18	-0.107201	0.160436	-0.159697	0.0660775
265.68	-0.144685	0.133047	-0.108776	0.133835
266.199	-0.172047	0.0789113	-0.0282385	0.169788
266.617	-0.181607	0.0238048	0.0430944	0.16642
267.035	-0.177222	-0.0330217	0.106877	0.134068
267.488	-0.155083	-0.0858471	0.154682	0.0728766
267.977	-0.111969	-0.118884	0.170789	-0.00866826
268.418	-0.0628645	-0.117475	0.150894	-0.0803969
268.811	-0.0236845	-0.0894712	0.108682	-0.131822
269.053	-0.00690872	-0.0621734	0.073954	-0.154164
269.199	0.000107007	-0.0431368	0.0506897	-0.16353
269.223	0.00104555	-0.0398082	0.0466683	-0.164772
269.248	0.0019141	-0.0364472	0.0426185	-0.165917
269.298	0.00348886	-0.0294663	0.0342378	-0.167957
269.348	0.00478762	-0.0223771	0.025765	-0.169582
269.495	0.0070529	-0.00119047	0.000625715	-0.171897
269.626	0.00718627	0.0178446	-0.0217665	-0.170853
269.814	0.00447433	0.0450213	-0.0534395	-0.164178
270.061	-0.00378764	0.0786005	-0.0919561	-0.146525
270.308	-0.0166242	0.108251	-0.124964	-0.119705
270.721	-0.0456741	0.145203	-0.16255	-0.0590867
271.135	-0.0797987	0.162295	-0.172608	0.0114259
271.603	-0.118497	0.155758	-0.149055	0.0876879
272.126	-0.154939	0.118478	-0.0856511	0.149743
272.649	-0.177497	0.0576333	0.000470683	0.172261
273.122	-0.181274	-0.00677872	0.078822	0.152833
273.545	-0.168508	-0.0614283	0.134449	0.106335
273.967	-0.139971	-0.103014	0.166126	0.0411594
274.315	-0.106099	-0.120592	0.1702	-0.0180032
274.662	-0.0672244	-0.118978	0.153967	-0.0745892
275.023	-0.0297816	-0.096226	0.11779	-0.123879
275.264	-0.0111547	-0.0709738	0.0848978	-0.148454
275.37	-0.00495531	-0.0578532	0.0686158	-0.156769
275.477	-2.79372e-05	-0.0438464	0.0515402	-0.163361
275.655	0.00538476	-0.018991	0.0217219	-0.170307
275.771	0.00705354	-0.00224327	0.00186361	-0.171972
275.825	0.00734968	0.00557275	-0.00735495	-0.171965
275.914	0.00721431	0.0186341	-0.0226973	-0.170849
276.04	0.0057147	0.0367882	-0.0438896	-0.166968
276.201	0.00168703	0.0594453	-0.0700928	-0.158085
276.397	-0.00614329	0.0853913	-0.0996329	-0.141569
276.594	-0.0167587	0.108608	-0.125362	-0.119413
277.104	-0.0535898	0.15124	-0.167627	-0.0425331
277.614	-0.0963943	0.162814	-0.167014	0.044775
278.124	-0.136432	0.142162	-0.124039	0.119873
278.747	-0.171403	0.0808219	-0.0309439	0.169067
279.245	-0.181708	0.0151026	0.0534251	0.163033
279.742	-0.172104	-0.0510795	0.124596	0.116979
280.239	-0.140462	-0.101886	0.16509	0.0424331
280.764	-0.087304	-0.121753	0.164071	-0.0460503
281.289	-0.0315649	-0.0969653	0.119031	-0.121602
281.418	-0.0206523	-0.0845461	0.102364	-0.135924
281.541	-0.0117754	-0.0709013	0.0849037	-0.147532
281.664	-0.00468505	-0.055782	0.0661457	-0.156987
281.754	-0.000608212	-0.0440235	0.051817	-0.162433
281.823	0.00192094	-0.0346025	0.0404491	-0.16577
281.892	0.00392419	-0.0249461	0.028877	-0.168329
281.982	0.00575496	-0.0121611	0.0136542	-0.170461
282.083	0.0068058	0.00242615	-0.00360148	-0.171228
282.175	0.00685551	0.0157221	-0.0192387	-0.170418
282.339	0.00493029	0.0393611	-0.0468325	-0.165377
282.497	0.000734012	0.0614901	-0.0723882	-0.156194
282.578	-0.00219909	0.0722985	-0.0847452	-0.149954
282.659	-0.0056524	0.0827204	-0.0965578	-0.142706
282.765	-0.010936	0.0958044	-0.111205	-0.131656
282.872	-0.0169764	0.107981	-0.124591	-0.119058
283.053	-0.0286812	0.126217	-0.143942	-0.094638
283.307	-0.0476301	0.14609	-0.163111	-0.0551174
283.562	-0.0683866	0.158346	-0.171718	-0.0121187
284.065	-0.110259	0.158843	-0.156472	0.0719162
284.568	-0.14725	0.129123	-0.102704	0.13776
285.071	-0.172734	0.0754563	-0.0237127	0.16986
285.482	-0.181402	0.0212084	0.0460174	0.164997
285.892	-0.176615	-0.0343174	0.107973	0.132394
286.342	-0.154325	-0.0862121	0.154659	0.0715044
286.83	-0.111137	-0.118644	0.170131	-0.00981776
287.27	-0.0622272	-0.116733	0.149838	-0.0811001
287.663	-0.0234576	-0.0885073	0.107506	-0.132022
287.912	-0.00646397	-0.0602054	0.071581	-0.154647
287.988	-0.00266885	-0.0505345	0.0597213	-0.159715
288.058	0.000303842	-0.0411141	0.0482894	-0.163665
288.124	0.00256687	-0.0320679	0.0373973	-0.16663
288.246	0.00550432	-0.0149526	0.0169617	-0.170216
288.343	0.00672476	-0.000867344	0.00027885	-0.171308
288.394	0.00696609	0.00649047	-0.00839591	-0.171234
288.482	0.00678838	0.0193437	-0.0234891	-0.170048
288.609	0.00522315	0.037533	-0.0447144	-0.166035
288.76	0.00145432	0.0586955	-0.0691849	-0.15771
288.935	-0.00531881	0.0819562	-0.0957033	-0.143391
289.111	-0.0143583	0.103127	-0.119299	-0.124506
289.597	-0.048141	0.146706	-0.16371	-0.0540193
290.084	-0.0884428	0.162781	-0.170062	0.0288916
290.588	-0.129048	0.148369	-0.135201	0.106886
291.11	-0.162232	0.104059	-0.0641781	0.15948
291.577	-0.179156	0.0467239	0.0144304	0.171097
291.989	-0.180768	-0.00956696	0.0817038	0.150639
292.401	-0.168015	-0.0624336	0.135092	0.104583
292.765	-0.143762	-0.0988719	0.163376	0.0490278
293.08	-0.114459	-0.117671	0.170498	-0.00428783
293.396	-0.0799852	-0.121241	0.160795	-0.0567816
293.723	-0.0441328	-0.107472	0.134142	-0.105102
293.896	-0.0276948	-0.0933266	0.113968	-0.126611
294.07	-0.0141031	-0.0752551	0.0903739	-0.144448
294.216	-0.00526813	-0.0576552	0.0684249	-0.156203
294.292	-0.00163759	-0.0477425	0.0563126	-0.161089
294.433	0.00339717	-0.0285409	0.0331597	-0.167679
294.603	0.00658142	-0.00426944	0.00429315	-0.171287
294.651	0.0069265	0.00272189	-0.00396118	-0.171421
294.7	0.00704788	0.00972876	-0.012211	-0.171156
294.827	0.00626859	0.0282244	-0.0338777	-0.168532
294.954	0.00395433	0.0464235	-0.0550329	-0.163136
295.192	-0.00410028	0.0786052	-0.0919215	-0.145943
295.43	-0.0163818	0.107147	-0.123706	-0.120273
295.77	-0.0396099	0.139092	-0.156786	-0.0718022
296.214	-0.0755615	0.160944	-0.172458	0.00271867
296.658	-0.112527	0.158204	-0.154725	0.0761646
297.18	-0.150142	0.125298	-0.0964983	0.142454
297.701	-0.175057	0.0674989	-0.0128155	0.171296
298.223	-0.181263	-0.00284829	0.0742431	0.154625
298.745	-0.164773	-0.0693777	0.141348	0.0962055
299.272	-0.123701	-0.11383	0.170397	0.0112835
299.719	-0.0753178	-0.120695	0.158567	-0.0633014
300.127	-0.0322012	-0.0982139	0.120615	-0.120629
300.368	-0.0130371	-0.0736995	0.0883816	-0.145943
300.58	-0.001326	-0.0471946	0.0556307	-0.161567
300.625	0.000510857	-0.0410557	0.0481965	-0.164026
300.65	0.001413	-0.037693	0.0441395	-0.165214
300.686	0.00262558	-0.0326678	0.038096	-0.16679
300.735	0.00400166	-0.0259249	0.0300192	-0.168541
300.783	0.00512539	-0.0190916	0.0218672	-0.169907
300.923	0.00700314	0.00116808	-0.0021422	-0.171652
301.064	0.00685791	0.0216086	-0.0261591	-0.170021
301.254	0.00365864	0.0488642	-0.0578703	-0.162429
301.444	-0.00270577	0.0747548	-0.0875707	-0.148831
301.727	-0.0171848	0.108915	-0.125655	-0.118586
302.102	-0.0433356	0.142879	-0.160379	-0.064005
302.478	-0.0739672	0.160676	-0.172671	-0.000534799
302.934	-0.112072	0.158569	-0.155361	0.0753497
303.391	-0.145712	0.131565	-0.106437	0.135465
303.897	-0.172141	0.0784062	-0.0276212	0.169651
304.452	-0.181583	0.004446	0.0658887	0.158368
305.007	-0.165732	-0.0671009	0.139256	0.0988699
305.562	-0.122773	-0.114066	0.170215	0.00984355
306.017	-0.0734413	-0.120093	0.157241	-0.0658053
306.472	-0.0264402	-0.0922358	0.112455	-0.127935
306.751	-0.00691043	-0.0613251	0.0729571	-0.154089
306.87	-0.00106346	-0.0459179	0.0540983	-0.161865
306.896	5.78827e-06	-0.0423698	0.0498003	-0.163289
306.929	0.00120714	-0.0379796	0.0445	-0.164878
306.967	0.00247868	-0.0327208	0.0381747	-0.166538
307.068	0.00509605	-0.018429	0.021091	-0.169786
307.204	0.00687004	0.00110193	-0.00205089	-0.171423
307.31	0.00694084	0.0165349	-0.0202028	-0.170514
307.447	0.00543885	0.0362477	-0.0432255	-0.166504
307.557	0.00295787	0.0518583	-0.0613148	-0.160948
307.611	0.00136519	0.0593236	-0.0699131	-0.157494
307.673	-0.000762852	0.0676903	-0.0795017	-0.152965
307.742	-0.00352258	0.0768548	-0.089937	-0.147148
307.884	-0.0102361	0.09449	-0.109762	-0.133101
308.097	-0.0228216	0.118036	-0.135416	-0.106843
308.31	-0.0377814	0.137164	-0.154926	-0.0756242
308.791	-0.0766829	0.161195	-0.172374	0.00503099
309.273	-0.1166	0.15631	-0.150627	0.0839279
309.773	-0.151935	0.122595	-0.0922541	0.145171
310.291	-0.175816	0.0642227	-0.00842884	0.171529
310.809	-0.181027	-0.00580695	0.0775741	0.152918
311.327	-0.163741	-0.0713695	0.14302	0.0936018
311.845	-0.122956	-0.114278	0.170563	0.00985257
312.307	-0.0727717	-0.120235	0.157203	-0.0669831
312.712	-0.03016	-0.0964365	0.11811	-0.123269
312.967	-0.0106104	-0.0696702	0.0832866	-0.149125
313.07	-0.00472587	-0.0569091	0.0674762	-0.157037
313.173	-1.6459e-05	-0.0433318	0.050934	-0.163329
313.288	0.00382435	-0.0274417	0.0318214	-0.168346
313.403	0.00622397	-0.0110153	0.0122595	-0.171169
313.637	0.00685909	0.0229861	-0.0277789	-0.169957
313.871	0.00228149	0.0562886	-0.0664481	-0.159395
314.105	-0.00694206	0.0871515	-0.101595	-0.139928
314.448	-0.0272623	0.124962	-0.142741	-0.0975203
314.791	-0.0531834	0.150754	-0.16717	-0.0435047
315.134	-0.081764	0.162396	-0.172035	0.0153518
315.576	-0.118295	0.155628	-0.149025	0.0871382
316.019	-0.149829	0.12601	-0.0975373	0.141927
316.492	-0.173229	0.0745487	-0.0223272	0.170449
316.903	-0.181654	0.0200762	0.04752	0.164985
317.313	-0.176559	-0.035524	0.109347	0.131769
317.782	-0.152512	-0.089052	0.1569	0.0672995
318.246	-0.110703	-0.118964	0.170315	-0.0104716
318.648	-0.0661062	-0.118164	0.152667	-0.0759704
319.05	-0.0256188	-0.0909745	0.11081	-0.129383
319.159	-0.0169981	-0.0797875	0.0961612	-0.140636
319.254	-0.0105483	-0.0689301	0.0824064	-0.149182
319.348	-0.00511954	-0.0572273	0.0679019	-0.156433
319.498	0.00137736	-0.037416	0.0438182	-0.16507
319.648	0.00537247	-0.0164298	0.0187121	-0.1701
319.802	0.00700859	0.00584975	-0.00764655	-0.171352
319.956	0.00626657	0.0282376	-0.0338932	-0.168532
320.162	0.00182154	0.0573254	-0.0676154	-0.158487
320.258	-0.00153242	0.0704398	-0.0826416	-0.151333
320.355	-0.00563516	0.083012	-0.0969029	-0.142712
320.485	-0.0121908	0.0988155	-0.11456	-0.129015
320.648	-0.0219233	0.116641	-0.133936	-0.108716
320.81	-0.0330653	0.131915	-0.149762	-0.0854656
321.297	-0.0717346	0.159808	-0.172376	-0.00512232
321.784	-0.112293	0.158303	-0.154923	0.0758274
322.287	-0.148856	0.127212	-0.0995233	0.140383
322.805	-0.174217	0.0706657	-0.017089	0.17093
323.235	-0.181748	0.0132104	0.0556545	0.162269
323.665	-0.174204	-0.0443437	0.118123	0.123709
324.148	-0.146174	-0.0964412	0.161897	0.0538257
324.646	-0.0979445	-0.121486	0.16784	-0.0304173
325.068	-0.0510043	-0.111698	0.140816	-0.0960493
325.449	-0.0162812	-0.0789058	0.0950065	-0.141467
325.663	-0.00350014	-0.053042	0.0627734	-0.15865
325.753	0.00035654	-0.0411982	0.0483817	-0.163774
325.781	0.00140951	-0.0372691	0.0436417	-0.16516
325.829	0.00296242	-0.0306113	0.0356412	-0.167173
325.897	0.00471127	-0.0211123	0.0242861	-0.169354
326.008	0.006523	-0.00520021	0.00539285	-0.171281
326.162	0.00694361	0.0172191	-0.021007	-0.170475
326.316	0.00504909	0.0394657	-0.0469682	-0.165587
326.547	-0.00178104	0.0713575	-0.0836904	-0.150812
326.778	-0.0127881	0.100139	-0.116026	-0.127765
327.084	-0.0324747	0.131289	-0.149148	-0.0866911
327.466	-0.0622812	0.155904	-0.170688	-0.0246399
327.847	-0.0943211	0.162639	-0.167637	0.0406065
328.37	-0.135491	0.142783	-0.125269	0.118264
328.893	-0.166543	0.0940941	-0.0497068	0.164521
329.416	-0.181302	0.0270519	0.0390571	0.16719
329.939	-0.17455	-0.0434267	0.117292	0.12473
330.466	-0.143379	-0.0995547	0.163966	0.0479302
330.997	-0.0903763	-0.12211	0.1656	-0.0417559
331.527	-0.0331875	-0.0990756	0.121821	-0.119326
331.764	-0.0141498	-0.0753011	0.0904345	-0.144557
331.871	-0.00733629	-0.0625174	0.0744165	-0.153521
331.976	-0.00199546	-0.0490472	0.0578897	-0.160642
332.061	0.00139899	-0.0375821	0.0440109	-0.165148
332.147	0.00398469	-0.0257356	0.0297985	-0.168482
332.291	0.00658354	-0.00505605	0.00521728	-0.171377
332.435	0.00703484	0.0159542	-0.0195288	-0.170717
332.64	0.00420266	0.0453778	-0.05383	-0.163669
332.852	-0.00263806	0.0743764	-0.0871339	-0.148981
333.064	-0.0129652	0.100628	-0.116575	-0.127388
333.412	-0.0357707	0.135208	-0.153063	-0.0797969
333.896	-0.0746614	0.160868	-0.172673	0.000892895
334.381	-0.114968	0.157311	-0.152599	0.0807986
334.902	-0.151995	0.122743	-0.0924043	0.145371
335.423	-0.176018	0.0638603	-0.00788234	0.171801
335.945	-0.181131	-0.00674147	0.0786962	0.152616
336.466	-0.163253	-0.0725897	0.144157	0.0922901
336.995	-0.12085	-0.115429	0.170875	0.00624351
337.435	-0.0727555	-0.120336	0.157313	-0.0668728
337.874	-0.0271436	-0.0934657	0.114035	-0.127162
338.102	-0.0102321	-0.0689387	0.082374	-0.149734
338.175	-0.00596252	-0.0599353	0.071195	-0.155448
338.248	-0.00226885	-0.0505011	0.0596328	-0.160351
338.303	6.19888e-05	-0.0432377	0.050814	-0.163459
338.338	0.00140718	-0.0383759	0.0449432	-0.165241
338.437	0.00440597	-0.0245893	0.0284056	-0.169091
338.585	0.00690626	-0.00343575	0.00328015	-0.171796
338.635	0.00723616	0.00396594	-0.0054546	-0.171874
338.686	0.00731138	0.0113821	-0.014181	-0.171507
338.818	0.00632424	0.0305669	-0.0366374	-0.168475
338.95	0.00369843	0.049393	-0.0584968	-0.162468
339.157	-0.00342581	0.0774434	-0.0906413	-0.147285
339.364	-0.0137954	0.102773	-0.11897	-0.12561
339.709	-0.0366846	0.136534	-0.154425	-0.0778484
340.191	-0.0756266	0.161401	-0.172975	0.0029365
340.673	-0.11572	0.157212	-0.152066	0.0824591
341.194	-0.152747	0.122041	-0.0911531	0.14652
341.715	-0.17643	0.0627391	-0.00626557	0.172178
342.236	-0.181191	-0.00803446	0.080247	0.152147
342.757	-0.162876	-0.0737169	0.145243	0.0911357
343.287	-0.11995	-0.116103	0.171234	0.00460484
343.728	-0.0715931	-0.120266	0.156843	-0.0686383
344.169	-0.0262591	-0.0924438	0.112638	-0.128653
344.225	-0.0214583	-0.0868574	0.105224	-0.134786
344.273	-0.0177382	-0.0817629	0.0986037	-0.139716
344.322	-0.0142532	-0.0764079	0.0917532	-0.144333
344.406	-0.00879155	-0.0664926	0.0792912	-0.151611
344.49	-0.00413822	-0.0559388	0.0662601	-0.157851
344.65	0.00249909	-0.0345354	0.0403057	-0.166673
344.81	0.00629377	-0.0118827	0.0132719	-0.17134
344.925	0.00736309	0.00494281	-0.00661571	-0.172026
345.03	0.00717042	0.0201626	-0.02449	-0.170671
345.182	0.00501046	0.0421243	-0.0500901	-0.165341
345.382	-0.000970961	0.0698143	-0.0819741	-0.152426
345.582	-0.0101273	0.095223	-0.110639	-0.133239
345.928	-0.032006	0.131361	-0.149329	-0.0875977
346.275	-0.0589964	0.15467	-0.170182	-0.0313662
346.683	-0.0933317	0.163216	-0.168709	0.0387475
347.153	-0.130891	0.147408	-0.133125	0.110326
347.623	-0.160959	0.107446	-0.0689643	0.158061
348.171	-0.180383	0.0397267	0.0234822	0.170537
348.719	-0.176855	-0.0349175	0.108854	0.132589
349.268	-0.146948	-0.0959309	0.161751	0.0552979
349.764	-0.0992089	-0.121595	0.168482	-0.0286087
350.188	-0.051814	-0.112437	0.141901	-0.0950235
350.573	-0.0165276	-0.0796545	0.095927	-0.141229
350.689	-0.00888565	-0.0661748	0.0789306	-0.151473
350.805	-0.00269026	-0.0515037	0.0608637	-0.159752
350.911	0.00162208	-0.037258	0.0436045	-0.165499
351.007	0.00445923	-0.0238397	0.0275191	-0.169135
351.16	0.00692818	-0.0017485	0.00129427	-0.171742
351.372	0.00640492	0.0289809	-0.0347811	-0.168736
351.583	0.00168606	0.058871	-0.0694175	-0.158122
351.835	-0.00881255	0.0917471	-0.10674	-0.136026
352.087	-0.023675	0.119791	-0.137327	-0.105014
352.461	-0.0513279	0.149457	-0.166129	-0.0473134
352.956	-0.0926783	0.162934	-0.16863	0.0373149
353.45	-0.132072	0.145977	-0.13084	0.112201
354.048	-0.167791	0.0909202	-0.0451975	0.165665
354.611	-0.181619	0.0178385	0.0501033	0.163909
355.173	-0.17003	-0.0565345	0.129654	0.111009
355.736	-0.130521	-0.109364	0.168626	0.0237875
356.142	-0.0883906	-0.121639	0.164278	-0.0447161
356.513	-0.0474247	-0.109214	0.136987	-0.100802
356.764	-0.0238737	-0.0885899	0.107688	-0.131541
356.984	-0.00834589	-0.0639821	0.0762763	-0.152063
357.131	-0.00104354	-0.0451491	0.0531918	-0.161813
357.157	-2.97413e-05	-0.0417391	0.0490632	-0.163161
357.182	0.000909766	-0.0382928	0.0449024	-0.164406
357.226	0.00235531	-0.0323164	0.0377131	-0.166295
357.269	0.00359531	-0.0262525	0.0304482	-0.167876
357.44	0.00652864	-0.00186971	0.00147684	-0.171029
357.502	0.00683337	0.00718445	-0.00919833	-0.170949
357.565	0.00675589	0.0162481	-0.0198465	-0.170202
357.713	0.00507616	0.0375552	-0.044725	-0.165768
357.848	0.00178688	0.0565391	-0.0666872	-0.158478
357.971	-0.00253403	0.0730527	-0.0855907	-0.149289
358.132	-0.00996119	0.0933336	-0.108442	-0.133727
358.332	-0.0215522	0.115627	-0.132807	-0.109533
358.531	-0.0352933	0.134113	-0.151879	-0.0808621
359.019	-0.0743055	0.160297	-0.172104	0.000133309
359.508	-0.114828	0.156885	-0.152128	0.0804985
360.011	-0.150695	0.124097	-0.0947448	0.143192
360.529	-0.17513	0.0664809	-0.0115726	0.17103
361.047	-0.181115	-0.00328353	0.0746002	0.154056
361.565	-0.164577	-0.0691871	0.141007	0.0960839
362.091	-0.12388	-0.113514	0.170107	0.0115609
362.58	-0.0708358	-0.119437	0.15564	-0.069429
362.989	-0.0286274	-0.0942276	0.115207	-0.125301
363.23	-0.0104988	-0.0686329	0.0820506	-0.14923
363.335	-0.00457716	-0.0556224	0.0659444	-0.157142
363.432	-0.000217931	-0.0428724	0.0504179	-0.162956
363.463	0.0009486	-0.0386556	0.0453245	-0.164508
363.494	0.00201308	-0.0343871	0.0401855	-0.165903
363.566	0.00406245	-0.0244045	0.0282255	-0.168513
363.637	0.00555762	-0.0142319	0.0161092	-0.170274
363.738	0.0067599	0.000381906	-0.00119377	-0.171289
363.795	0.00697118	0.00853223	-0.0107965	-0.171098
363.889	0.00661654	0.0222426	-0.0268806	-0.169557
364.022	0.00468777	0.0413004	-0.049088	-0.164812
364.229	-0.00145409	0.0698533	-0.0819617	-0.151542
364.51	-0.0151107	0.104572	-0.120881	-0.122944
364.792	-0.0336102	0.132449	-0.150277	-0.0843371
365.236	-0.0687169	0.158625	-0.171942	-0.0113649
365.679	-0.105856	0.160434	-0.160296	0.0633108
366.162	-0.142236	0.135426	-0.112899	0.129768
366.683	-0.170648	0.0825842	-0.0335082	0.168349
367.111	-0.181193	0.0266962	0.0394056	0.166858
367.539	-0.177308	-0.0314562	0.10508	0.134912
368.018	-0.15389	-0.0869315	0.15523	0.0704816
368.489	-0.11215	-0.118303	0.170191	-0.00803804
368.902	-0.0664885	-0.118074	0.152676	-0.0753784
369.293	-0.0268427	-0.0921507	0.112426	-0.127646
369.537	-0.0090995	-0.0656479	0.0783402	-0.151098
369.731	0.000321639	-0.0406527	0.0477446	-0.163665
369.87	0.0044987	-0.0213368	0.0245729	-0.169013
370.009	0.00659081	-0.00136788	0.000880146	-0.17114
370.181	0.00646651	0.0236985	-0.0285767	-0.169185
370.388	0.00258235	0.0530468	-0.0626705	-0.160183
370.594	-0.00493376	0.0806195	-0.0941815	-0.144212
370.817	-0.0165797	0.107186	-0.12372	-0.119899
371.039	-0.0311582	0.129352	-0.147138	-0.0894711
371.368	-0.0564148	0.152327	-0.168145	-0.0368393
371.804	-0.0927916	0.162496	-0.168071	0.0375153
372.239	-0.127672	0.149106	-0.13675	0.104344
372.76	-0.161154	0.105911	-0.0670494	0.157939
373.222	-0.178482	0.0497899	0.0103635	0.171063
373.626	-0.180946	-0.00525307	0.0767743	0.152869
374.03	-0.169593	-0.057653	0.130617	0.109664
374.503	-0.137862	-0.10399	0.166139	0.0373882
374.976	-0.0899136	-0.121751	0.16501	-0.0424103
375.403	-0.042937	-0.106546	0.132766	-0.106565
375.725	-0.0150688	-0.076689	0.0922099	-0.143094
375.956	-0.0019542	-0.0482956	0.0570011	-0.160679
376.108	0.0034587	-0.0276586	0.032116	-0.167746
376.259	0.00635775	-0.00608713	0.00645203	-0.17104
376.361	0.0069622	0.00876945	-0.0110748	-0.171069
376.464	0.00652652	0.0236379	-0.0285115	-0.169298
376.728	0.000867173	0.0610467	-0.0718825	-0.156481
376.993	-0.0105527	0.0950391	-0.110362	-0.132452
377.307	-0.0300403	0.128083	-0.14587	-0.091794
377.67	-0.0579163	0.153357	-0.168941	-0.0337088
378.033	-0.0883103	0.162613	-0.169923	0.0284979
378.556	-0.13024	0.147212	-0.13323	0.109038
379.08	-0.163113	0.101954	-0.0611596	0.160473
379.557	-0.179603	0.0428234	0.019342	0.170441
379.989	-0.179917	-0.016048	0.0887727	0.146351
380.42	-0.164178	-0.0700089	0.141712	0.0950621
380.956	-0.122111	-0.114338	0.170204	0.00864211
381.396	-0.0743308	-0.120212	0.15768	-0.0645518
381.837	-0.0284852	-0.0942922	0.115264	-0.125293
382.107	-0.00866378	-0.0651172	0.0776571	-0.151654
382.206	-0.00336619	-0.0525218	0.0621447	-0.158779
382.295	0.000424858	-0.0407368	0.0478318	-0.163821
382.373	0.00300423	-0.0300666	0.0349964	-0.167199
382.45	0.00493755	-0.0191345	0.0219373	-0.16959
382.585	0.00678444	0.000210803	-0.000994862	-0.171341
382.704	0.00686983	0.0175053	-0.021336	-0.170317
382.873	0.00462296	0.0419417	-0.0498346	-0.164656
383.094	-0.00211981	0.0722539	-0.0847028	-0.150115
383.315	-0.0126541	0.0996911	-0.11552	-0.128059
383.663	-0.0353062	0.134453	-0.152276	-0.0807973
384.011	-0.0627318	0.156013	-0.170683	-0.0237291
384.42	-0.0970421	0.162264	-0.166119	0.0460046
384.889	-0.13397	0.144039	-0.127556	0.115579
385.359	-0.162954	0.102282	-0.0616368	0.160257
385.898	-0.180536	0.034845	0.0293368	0.168887
386.437	-0.175745	-0.0380986	0.111792	0.129142
386.977	-0.145393	-0.0969121	0.161985	0.052359
387.468	-0.0978526	-0.12118	0.167442	-0.0304289
387.911	-0.0488602	-0.110051	0.138307	-0.0988354
388.309	-0.0139862	-0.0742921	0.089231	-0.144634
388.524	-0.00196446	-0.0477262	0.0563319	-0.16061
388.544	-0.00106658	-0.0449529	0.052964	-0.16179
388.565	-0.00022683	-0.0421537	0.0495735	-0.162901
388.593	0.000820165	-0.0383646	0.0449971	-0.16428
388.621	0.00177953	-0.0345335	0.0403838	-0.165533
388.736	0.00481758	-0.0185078	0.0212131	-0.169325
388.85	0.00645269	-0.00208177	0.00173371	-0.170929
389.015	0.00646559	0.0217894	-0.0263322	-0.169321
389.179	0.00388697	0.0453447	-0.0537571	-0.163084
389.426	-0.00438093	0.0786409	-0.0919272	-0.145428
389.753	-0.0222205	0.116635	-0.133876	-0.108151
390.081	-0.0457564	0.144361	-0.16154	-0.0590358
390.551	-0.0843934	0.162169	-0.170825	0.020666
391.021	-0.12274	0.152454	-0.14316	0.0952771
391.515	-0.156114	0.115271	-0.0811358	0.151123
392.033	-0.17763	0.0545019	0.00422779	0.171252
392.501	-0.18058	-0.00906957	0.0810276	0.150581
392.919	-0.167454	-0.0626034	0.135114	0.103935
393.338	-0.138882	-0.103036	0.165591	0.0393999
393.816	-0.090702	-0.121674	0.165224	-0.0412756
394.146	-0.0538482	-0.112902	0.142975	-0.0923494
394.329	-0.0352937	-0.100389	0.12381	-0.116657
394.512	-0.0195598	-0.0831554	0.100543	-0.137207
394.716	-0.00623051	-0.0594855	0.0707042	-0.154882
394.832	-0.000773849	-0.0444225	0.0523056	-0.162212
394.86	0.000332857	-0.0406245	0.0477102	-0.163677
394.888	0.00135045	-0.0367815	0.0430752	-0.165016
395.015	0.00485891	-0.0190319	0.0218249	-0.16943
395.142	0.00663536	-0.0007802	0.000185207	-0.171151
395.314	0.00642974	0.0241552	-0.02911	-0.169099
395.486	0.00342077	0.0486779	-0.0576257	-0.162006
395.685	-0.00330559	0.075734	-0.0886467	-0.147643
395.913	-0.0146447	0.103493	-0.119685	-0.123931
396.14	-0.0291773	0.126815	-0.144549	-0.0936171
396.541	-0.059916	0.154401	-0.169597	-0.0295493
396.941	-0.0935076	0.16245	-0.167753	0.0388571
397.402	-0.130183	0.147119	-0.133142	0.108887
397.925	-0.162981	0.102044	-0.0613487	0.160236
398.292	-0.177075	0.0575178	0.000317879	0.171406
398.506	-0.180965	0.0289664	0.0365587	0.167317
398.719	-0.181193	-0.000251221	0.0711012	0.155577
399.061	-0.173601	-0.0455746	0.119133	0.122117
399.404	-0.155504	-0.0843122	0.153126	0.0743598
399.818	-0.120567	-0.114857	0.17007	0.00603099
