x,y
+5.840000E-03,+499.750018E-03
+5.842500E-03,+531.000018E-03
+5.845000E-03,+562.250018E-03
+5.847500E-03,+593.500018E-03
+5.850000E-03,+531.000018E-03
+5.852500E-03,+3.749750018E+00
+5.855000E-03,+3.718500018E+00
+5.857500E-03,-343.999982E-03
+5.860000E-03,-249.982E-06
+5.862500E-03,+62.250018E-03
+5.865000E-03,+62.250018E-03
+5.867500E-03,+93.500018E-03
+5.870000E-03,+124.750018E-03
+5.872500E-03,+156.000018E-03
+5.875000E-03,+187.250018E-03
+5.877500E-03,+218.500018E-03
+5.880000E-03,+249.750018E-03
+5.882500E-03,+249.750018E-03
+5.885000E-03,+281.000018E-03
+5.887500E-03,+343.500018E-03
+5.890000E-03,+343.500018E-03
+5.892500E-03,+374.750018E-03
+5.895000E-03,+437.250018E-03
+5.897500E-03,+437.250018E-03
+5.900000E-03,+406.000018E-03
+5.902500E-03,+468.500018E-03
+5.905000E-03,+3.937250018E+00
+5.907500E-03,+3.874750018E+00
+5.910000E-03,-31.499982E-03
+5.912500E-03,+124.750018E-03
+5.915000E-03,+218.500018E-03
+5.917500E-03,+218.500018E-03
+5.920000E-03,+218.500018E-03
+5.922500E-03,+281.000018E-03
+5.925000E-03,+281.000018E-03
+5.927500E-03,+249.750018E-03
+5.930000E-03,+312.250018E-03
+5.932500E-03,+312.250018E-03
+5.935000E-03,+343.500018E-03
+5.937500E-03,+343.500018E-03
+5.940000E-03,+343.500018E-03
+5.942500E-03,+343.500018E-03
+5.945000E-03,+374.750018E-03
+5.947500E-03,+406.000018E-03
+5.950000E-03,+406.000018E-03
+5.952500E-03,+437.250018E-03
+5.955000E-03,+468.500018E-03
+5.957500E-03,+468.500018E-03
+5.960000E-03,+3.937250018E+00
+5.962500E-03,+3.812250018E+00
+5.965000E-03,+3.781000018E+00
+5.967500E-03,+93.500018E-03
+5.970000E-03,+156.000018E-03
+5.972500E-03,+156.000018E-03
+5.975000E-03,+156.000018E-03
+5.977500E-03,+218.500018E-03
+5.980000E-03,+187.250018E-03
+5.982500E-03,+218.500018E-03
+5.985000E-03,+218.500018E-03
+5.987500E-03,+218.500018E-03
+5.990000E-03,+218.500018E-03
+5.992500E-03,+249.750018E-03
+5.995000E-03,+218.500018E-03
+5.997500E-03,+218.500018E-03
+6.000000E-03,+249.750018E-03
+6.002500E-03,+218.500018E-03
+6.005000E-03,+218.500018E-03
+6.007500E-03,+218.500018E-03
+6.010000E-03,+218.500018E-03
+6.012500E-03,+281.000018E-03
+6.015000E-03,+531.000018E-03
+6.017500E-03,+3.843500018E+00
+6.020000E-03,+3.687250018E+00
+6.022500E-03,+3.374750018E+00
+6.025000E-03,-93.999982E-03
+6.027500E-03,-62.749982E-03
+6.030000E-03,-62.749982E-03
+6.032500E-03,-31.499982E-03
+6.035000E-03,-31.499982E-03
+6.037500E-03,-31.499982E-03
+6.040000E-03,-31.499982E-03
+6.042500E-03,-31.499982E-03
+6.045000E-03,-31.499982E-03
+6.047500E-03,-62.749982E-03
+6.050000E-03,-62.749982E-03
+6.052500E-03,-31.499982E-03
+6.055000E-03,-31.499982E-03
+6.057500E-03,-62.749982E-03
+6.060000E-03,-31.499982E-03
+6.062500E-03,-31.499982E-03
+6.065000E-03,-31.499982E-03
+6.067500E-03,-31.499982E-03
+6.070000E-03,+62.250018E-03
+6.072500E-03,+249.750018E-03
+6.075000E-03,+249.750018E-03
+6.077500E-03,+249.750018E-03
+6.080000E-03,+249.750018E-03
+6.082500E-03,+218.500018E-03
+6.085000E-03,+187.250018E-03
+6.087500E-03,+187.250018E-03
+6.090000E-03,+124.750018E-03
+6.092500E-03,+187.250018E-03
+6.095000E-03,+156.000018E-03
+6.097500E-03,+124.750018E-03
+6.100000E-03,+124.750018E-03
+6.102500E-03,+124.750018E-03
+6.105000E-03,+93.500018E-03
+6.107500E-03,+62.250018E-03
+6.110000E-03,+62.250018E-03
+6.112500E-03,+31.000018E-03
+6.115000E-03,+31.000018E-03
+6.117500E-03,-31.499982E-03
+6.120000E-03,-249.982E-06
+6.122500E-03,-31.499982E-03
+6.125000E-03,-31.499982E-03
+6.127500E-03,-31.499982E-03
+6.130000E-03,-62.749982E-03
+6.132500E-03,-93.999982E-03
+6.135000E-03,-93.999982E-03
+6.137500E-03,-93.999982E-03
+6.140000E-03,-93.999982E-03
+6.142500E-03,-156.499982E-03
+6.145000E-03,-156.499982E-03
+6.147500E-03,-156.499982E-03
+6.150000E-03,-187.749982E-03
+6.152500E-03,-218.999982E-03
+6.155000E-03,-187.749982E-03
+6.157500E-03,-218.999982E-03
+6.160000E-03,-250.249982E-03
+6.162500E-03,-281.499982E-03
+6.165000E-03,-250.249982E-03
+6.167500E-03,-312.749982E-03
+6.170000E-03,-281.499982E-03
+6.172500E-03,-312.749982E-03
+6.175000E-03,-312.749982E-03
+6.177500E-03,-343.999982E-03
+6.180000E-03,-343.999982E-03
+6.182500E-03,-375.249982E-03
+6.185000E-03,-375.249982E-03
+6.187500E-03,-375.249982E-03
+6.190000E-03,-406.499982E-03
+6.192500E-03,-406.499982E-03
+6.195000E-03,-437.749982E-03
+6.197500E-03,-437.749982E-03
+6.200000E-03,-437.749982E-03
+6.202500E-03,-437.749982E-03
+6.205000E-03,-437.749982E-03
+6.207500E-03,-468.999982E-03
+6.210000E-03,-468.999982E-03
+6.212500E-03,-468.999982E-03
+6.215000E-03,-500.249982E-03
+6.217500E-03,-531.499982E-03
+6.220000E-03,-500.249982E-03
+6.222500E-03,-500.249982E-03
+6.225000E-03,-531.499982E-03
+6.227500E-03,-500.249982E-03
+6.230000E-03,-500.249982E-03
+6.232500E-03,-500.249982E-03
+6.235000E-03,-531.499982E-03
+6.237500E-03,-531.499982E-03
+6.240000E-03,-531.499982E-03
+6.242500E-03,-531.499982E-03
+6.245000E-03,-531.499982E-03
+6.247500E-03,-500.249982E-03
+6.250000E-03,-562.749982E-03
+6.252500E-03,-500.249982E-03
+6.255000E-03,-562.749982E-03
+6.257500E-03,-531.499982E-03
+6.260000E-03,-500.249982E-03
+6.262500E-03,-500.249982E-03
+6.265000E-03,-531.499982E-03
+6.267500E-03,-468.999982E-03
+6.270000E-03,-562.749982E-03
+6.272500E-03,-531.499982E-03
+6.275000E-03,-468.999982E-03
+6.277500E-03,-562.749982E-03
+6.280000E-03,-468.999982E-03
+6.282500E-03,-468.999982E-03
+6.285000E-03,-500.249982E-03
+6.287500E-03,-468.999982E-03
+6.290000E-03,-500.249982E-03
+6.292500E-03,-437.749982E-03
+6.295000E-03,-468.999982E-03
+6.297500E-03,-437.749982E-03
+6.300000E-03,-406.499982E-03
+6.302500E-03,-437.749982E-03
+6.305000E-03,-406.499982E-03
+6.307500E-03,-406.499982E-03
+6.310000E-03,-375.249982E-03
+6.312500E-03,-375.249982E-03
+6.315000E-03,-375.249982E-03
+6.317500E-03,-343.999982E-03
+6.320000E-03,-343.999982E-03
+6.322500E-03,-281.499982E-03
+6.325000E-03,-312.749982E-03
+6.327500E-03,-312.749982E-03
+6.330000E-03,-218.999982E-03
+6.332500E-03,-250.249982E-03
+6.335000E-03,-250.249982E-03
+6.337500E-03,-250.249982E-03
+6.340000E-03,-187.749982E-03
+6.342500E-03,-156.499982E-03
+6.345000E-03,-93.999982E-03
+6.347500E-03,-125.249982E-03
+6.350000E-03,-93.999982E-03
+6.352500E-03,-62.749982E-03
+6.355000E-03,-31.499982E-03
+6.357500E-03,-31.499982E-03
+6.360000E-03,-249.982E-06
+6.362500E-03,+31.000018E-03
+6.365000E-03,+62.250018E-03
+6.367500E-03,+62.250018E-03
+6.370000E-03,+93.500018E-03
+6.372500E-03,+124.750018E-03
+6.375000E-03,+124.750018E-03
+6.377500E-03,+156.000018E-03
+6.380000E-03,+156.000018E-03
+6.382500E-03,+249.750018E-03
+6.385000E-03,+281.000018E-03
+6.387500E-03,+249.750018E-03
+6.390000E-03,+281.000018E-03
+6.392500E-03,+312.250018E-03
+6.395000E-03,+343.500018E-03
+6.397500E-03,+343.500018E-03
+6.400000E-03,+374.750018E-03
+6.402500E-03,+406.000018E-03
+6.405000E-03,+437.250018E-03
+6.407500E-03,+468.500018E-03
+6.410000E-03,+437.250018E-03
+6.412500E-03,+499.750018E-03
+6.415000E-03,+531.000018E-03
+6.417500E-03,+562.250018E-03
+6.420000E-03,+593.500018E-03
+6.422500E-03,+593.500018E-03
+6.425000E-03,+3.749750018E+00
+6.427500E-03,+3.718500018E+00
+6.430000E-03,-31.499982E-03
+6.432500E-03,-31.499982E-03
+6.435000E-03,+31.000018E-03
+6.437500E-03,+62.250018E-03
+6.440000E-03,+93.500018E-03
+6.442500E-03,+156.000018E-03
+6.445000E-03,+156.000018E-03
+6.447500E-03,+187.250018E-03
+6.450000E-03,+249.750018E-03
+6.452500E-03,+249.750018E-03
+6.455000E-03,+281.000018E-03
+6.457500E-03,+312.250018E-03
+6.460000E-03,+281.000018E-03
+6.462500E-03,+343.500018E-03
+6.465000E-03,+374.750018E-03
+6.467500E-03,+406.000018E-03
+6.470000E-03,+468.500018E-03
+6.472500E-03,+437.250018E-03
+6.475000E-03,+499.750018E-03
+6.477500E-03,+3.968500018E+00
+6.480000E-03,+3.843500018E+00
+6.482500E-03,+3.812250018E+00
+6.485000E-03,+156.000018E-03
+6.487500E-03,+218.500018E-03
+6.490000E-03,+218.500018E-03
+6.492500E-03,+249.750018E-03
+6.495000E-03,+281.000018E-03
+6.497500E-03,+281.000018E-03
+6.500000E-03,+281.000018E-03
+6.502500E-03,+312.250018E-03
+6.505000E-03,+281.000018E-03
+6.507500E-03,+343.500018E-03
+6.510000E-03,+343.500018E-03
+6.512500E-03,+374.750018E-03
+6.515000E-03,+343.500018E-03
+6.517500E-03,+374.750018E-03
+6.520000E-03,+406.000018E-03
+6.522500E-03,+437.250018E-03
+6.525000E-03,+437.250018E-03
+6.527500E-03,+437.250018E-03
+6.530000E-03,+499.750018E-03
+6.532500E-03,+3.906000018E+00
+6.535000E-03,+3.843500018E+00
+6.537500E-03,+3.781000018E+00
+6.540000E-03,+93.500018E-03
+6.542500E-03,+156.000018E-03
+6.545000E-03,+156.000018E-03
+6.547500E-03,+187.250018E-03
+6.550000E-03,+187.250018E-03
+6.552500E-03,+187.250018E-03
+6.555000E-03,+187.250018E-03
+6.557500E-03,+187.250018E-03
+6.560000E-03,+187.250018E-03
+6.562500E-03,+218.500018E-03
+6.565000E-03,+218.500018E-03
+6.567500E-03,+218.500018E-03
+6.570000E-03,+187.250018E-03
+6.572500E-03,+218.500018E-03
+6.575000E-03,+249.750018E-03
+6.577500E-03,+218.500018E-03
+6.580000E-03,+249.750018E-03
+6.582500E-03,+249.750018E-03
+6.585000E-03,+249.750018E-03
+6.587500E-03,+531.000018E-03
+6.590000E-03,+3.812250018E+00
+6.592500E-03,+3.656000018E+00
+6.595000E-03,-93.999982E-03
+6.597500E-03,-93.999982E-03
+6.600000E-03,-31.499982E-03
+6.602500E-03,-62.749982E-03
+6.605000E-03,-62.749982E-03
+6.607500E-03,-31.499982E-03
+6.610000E-03,-31.499982E-03
+6.612500E-03,-31.499982E-03
+6.615000E-03,-31.499982E-03
+6.617500E-03,-62.749982E-03
+6.620000E-03,-31.499982E-03
+6.622500E-03,-31.499982E-03
+6.625000E-03,-31.499982E-03
+6.627500E-03,-31.499982E-03
+6.630000E-03,-31.499982E-03
+6.632500E-03,-31.499982E-03
+6.635000E-03,-31.499982E-03
+6.637500E-03,-31.499982E-03
+6.640000E-03,-249.982E-06
+6.642500E-03,+374.750018E-03
+6.645000E-03,+281.000018E-03
+6.647500E-03,+281.000018E-03
+6.650000E-03,+281.000018E-03
+6.652500E-03,+249.750018E-03
+6.655000E-03,+187.250018E-03
+6.657500E-03,+187.250018E-03
+6.660000E-03,+187.250018E-03
+6.662500E-03,+187.250018E-03
+6.665000E-03,+187.250018E-03
+6.667500E-03,+156.000018E-03
+6.670000E-03,+124.750018E-03
+6.672500E-03,+124.750018E-03
+6.675000E-03,+93.500018E-03
+6.677500E-03,+93.500018E-03
+6.680000E-03,+93.500018E-03
+6.682500E-03,+62.250018E-03
+6.685000E-03,+62.250018E-03
+6.687500E-03,+31.000018E-03
+6.690000E-03,+31.000018E-03
+6.692500E-03,-31.499982E-03
+6.695000E-03,-31.499982E-03
+6.697500E-03,-62.749982E-03
+6.700000E-03,-31.499982E-03
+6.702500E-03,-93.999982E-03
+6.705000E-03,-93.999982E-03
+6.707500E-03,-93.999982E-03
+6.710000E-03,-125.249982E-03
+6.712500E-03,-93.999982E-03
+6.715000E-03,-156.499982E-03
+6.717500E-03,-187.749982E-03
+6.720000E-03,-187.749982E-03
+6.722500E-03,-218.999982E-03
+6.725000E-03,-250.249982E-03
+6.727500E-03,-218.999982E-03
+6.730000E-03,-218.999982E-03
+6.732500E-03,-250.249982E-03
+6.735000E-03,-250.249982E-03
+6.737500E-03,-281.499982E-03
+6.740000E-03,-281.499982E-03
+6.742500E-03,-312.749982E-03
+6.745000E-03,-312.749982E-03
+6.747500E-03,-312.749982E-03
+6.750000E-03,-343.999982E-03
+6.752500E-03,-343.999982E-03
+6.755000E-03,-375.249982E-03
+6.757500E-03,-375.249982E-03
+6.760000E-03,-375.249982E-03
+6.762500E-03,-406.499982E-03
+6.765000E-03,-406.499982E-03
+6.767500E-03,-406.499982E-03
+6.770000E-03,-468.999982E-03
+6.772500E-03,-437.749982E-03
+6.775000E-03,-437.749982E-03
+6.777500E-03,-468.999982E-03
+6.780000E-03,-468.999982E-03
+6.782500E-03,-468.999982E-03
+6.785000E-03,-468.999982E-03
+6.787500E-03,-468.999982E-03
+6.790000E-03,-468.999982E-03
+6.792500E-03,-500.249982E-03
+6.795000E-03,-500.249982E-03
+6.797500E-03,-531.499982E-03
+6.800000E-03,-531.499982E-03
+6.802500E-03,-500.249982E-03
+6.805000E-03,-531.499982E-03
+6.807500E-03,-531.499982E-03
+6.810000E-03,-531.499982E-03
+6.812500E-03,-500.249982E-03
+6.815000E-03,-500.249982E-03
+6.817500E-03,-531.499982E-03
+6.820000E-03,-531.499982E-03
+6.822500E-03,-500.249982E-03
+6.825000E-03,-562.749982E-03
+6.827500E-03,-531.499982E-03
+6.830000E-03,-531.499982E-03
+6.832500E-03,-531.499982E-03
+6.835000E-03,-500.249982E-03
+6.837500E-03,-531.499982E-03
+6.840000E-03,-531.499982E-03
+6.842500E-03,-500.249982E-03
+6.845000E-03,-562.749982E-03
+6.847500E-03,-562.749982E-03
+6.850000E-03,-468.999982E-03
+6.852500E-03,-500.249982E-03
+6.855000E-03,-531.499982E-03
+6.857500E-03,-468.999982E-03
+6.860000E-03,-468.999982E-03
+6.862500E-03,-437.749982E-03
+6.865000E-03,-437.749982E-03
+6.867500E-03,-468.999982E-03
+6.870000E-03,-437.749982E-03
+6.872500E-03,-406.499982E-03
+6.875000E-03,-406.499982E-03
+6.877500E-03,-437.749982E-03
+6.880000E-03,-468.999982E-03
+6.882500E-03,-437.749982E-03
+6.885000E-03,-406.499982E-03
+6.887500E-03,-343.999982E-03
+6.890000E-03,-343.999982E-03
+6.892500E-03,-343.999982E-03
+6.895000E-03,-281.499982E-03
+6.897500E-03,-281.499982E-03
+6.900000E-03,-281.499982E-03
+6.902500E-03,-218.999982E-03
+6.905000E-03,-281.499982E-03
+6.907500E-03,-218.999982E-03
+6.910000E-03,-187.749982E-03
+6.912500E-03,-187.749982E-03
+6.915000E-03,-125.249982E-03
+6.917500E-03,-125.249982E-03
+6.920000E-03,-125.249982E-03
+6.922500E-03,-62.749982E-03
+6.925000E-03,-62.749982E-03
+6.927500E-03,-31.499982E-03
+6.930000E-03,-249.982E-06
+6.932500E-03,-249.982E-06
+6.935000E-03,+31.000018E-03
+6.937500E-03,+62.250018E-03
+6.940000E-03,+93.500018E-03
+6.942500E-03,+93.500018E-03
+6.945000E-03,+93.500018E-03
+6.947500E-03,+156.000018E-03
+6.950000E-03,+156.000018E-03
+6.952500E-03,+218.500018E-03
+6.955000E-03,+187.250018E-03
+6.957500E-03,+218.500018E-03
+6.960000E-03,+281.000018E-03
+6.962500E-03,+249.750018E-03
+6.965000E-03,+312.250018E-03
+6.967500E-03,+343.500018E-03
+6.970000E-03,+343.500018E-03
+6.972500E-03,+406.000018E-03
+6.975000E-03,+406.000018E-03
+6.977500E-03,+406.000018E-03
+6.980000E-03,+468.500018E-03
+6.982500E-03,+468.500018E-03
+6.985000E-03,+468.500018E-03
+6.987500E-03,+531.000018E-03
+6.990000E-03,+562.250018E-03
+6.992500E-03,+531.000018E-03
+6.995000E-03,+3.812250018E+00
+6.997500E-03,+3.718500018E+00
+7.000000E-03,+3.593500018E+00
+7.002500E-03,-249.982E-06
+7.005000E-03,+31.000018E-03
+7.007500E-03,+62.250018E-03
+7.010000E-03,+31.000018E-03
+7.012500E-03,+124.750018E-03
+7.015000E-03,+156.000018E-03
+7.017500E-03,+187.250018E-03
+7.020000E-03,+218.500018E-03
+7.022500E-03,+249.750018E-03
+7.025000E-03,+281.000018E-03
+7.027500E-03,+281.000018E-03
+7.030000E-03,+343.500018E-03
+7.032500E-03,+343.500018E-03
+7.035000E-03,+343.500018E-03
+7.037500E-03,+406.000018E-03
+7.040000E-03,+437.250018E-03
+7.042500E-03,+406.000018E-03
+7.045000E-03,+468.500018E-03
+7.047500E-03,+499.750018E-03
+7.050000E-03,+3.906000018E+00
+7.052500E-03,+3.843500018E+00
+7.055000E-03,+124.750018E-03
+7.057500E-03,+187.250018E-03
+7.060000E-03,+218.500018E-03
+7.062500E-03,+218.500018E-03
+7.065000E-03,+281.000018E-03
+7.067500E-03,+281.000018E-03
+7.070000E-03,+281.000018E-03
+7.072500E-03,+312.250018E-03
+7.075000E-03,+343.500018E-03
+7.077500E-03,+343.500018E-03
+7.080000E-03,+343.500018E-03
+7.082500E-03,+374.750018E-03
+7.085000E-03,+374.750018E-03
+7.087500E-03,+374.750018E-03
+7.090000E-03,+406.000018E-03
+7.092500E-03,+374.750018E-03
+7.095000E-03,+437.250018E-03
+7.097500E-03,+437.250018E-03
+7.100000E-03,+437.250018E-03
+7.102500E-03,+499.750018E-03
+7.105000E-03,+3.843500018E+00
+7.107500E-03,+3.812250018E+00
+7.110000E-03,+3.781000018E+00
+7.112500E-03,+156.000018E-03
+7.115000E-03,+156.000018E-03
+7.117500E-03,+124.750018E-03
+7.120000E-03,+124.750018E-03
+7.122500E-03,+187.250018E-03
+7.125000E-03,+187.250018E-03
+7.127500E-03,+156.000018E-03
+7.130000E-03,+218.500018E-03
+7.132500E-03,+218.500018E-03
+7.135000E-03,+218.500018E-03
+7.137500E-03,+218.500018E-03
+7.140000E-03,+249.750018E-03
+7.142500E-03,+249.750018E-03
+7.145000E-03,+218.500018E-03
+7.147500E-03,+187.250018E-03
+7.150000E-03,+249.750018E-03
+7.152500E-03,+249.750018E-03
+7.155000E-03,+281.000018E-03
+7.157500E-03,+406.000018E-03
+7.160000E-03,+3.781000018E+00
+7.162500E-03,+3.687250018E+00
+7.165000E-03,+3.624750018E+00
+7.167500E-03,-93.999982E-03
+7.170000E-03,-62.749982E-03
+7.172500E-03,-62.749982E-03
+7.175000E-03,-31.499982E-03
+7.177500E-03,-31.499982E-03
+7.180000E-03,-62.749982E-03
+7.182500E-03,-31.499982E-03
+7.185000E-03,-31.499982E-03
+7.187500E-03,-31.499982E-03
+7.190000E-03,-249.982E-06
+7.192500E-03,-31.499982E-03
+7.195000E-03,-31.499982E-03
+7.197500E-03,-31.499982E-03
+7.200000E-03,-62.749982E-03
+7.202500E-03,-62.749982E-03
+7.205000E-03,-62.749982E-03
+7.207500E-03,-31.499982E-03
+7.210000E-03,-249.982E-06
+7.212500E-03,+124.750018E-03
+7.215000E-03,+281.000018E-03
+7.217500E-03,+312.250018E-03
+7.220000E-03,+249.750018E-03
+7.222500E-03,+249.750018E-03
+7.225000E-03,+218.500018E-03
+7.227500E-03,+218.500018E-03
+7.230000E-03,+218.500018E-03
+7.232500E-03,+187.250018E-03
+7.235000E-03,+187.250018E-03
+7.237500E-03,+156.000018E-03
+7.240000E-03,+124.750018E-03
+7.242500E-03,+156.000018E-03
+7.245000E-03,+93.500018E-03
+7.247500E-03,+93.500018E-03
+7.250000E-03,+62.250018E-03
+7.252500E-03,+93.500018E-03
+7.255000E-03,+62.250018E-03
+7.257500E-03,+31.000018E-03
+7.260000E-03,+31.000018E-03
+7.262500E-03,-249.982E-06
+7.265000E-03,-249.982E-06
+7.267500E-03,-31.499982E-03
+7.270000E-03,-31.499982E-03
+7.272500E-03,-31.499982E-03
+7.275000E-03,-62.749982E-03
+7.277500E-03,-93.999982E-03
+7.280000E-03,-125.249982E-03
+7.282500E-03,-156.499982E-03
+7.285000E-03,-125.249982E-03
+7.287500E-03,-187.749982E-03
+7.290000E-03,-187.749982E-03
+7.292500E-03,-187.749982E-03
+7.295000E-03,-187.749982E-03
+7.297500E-03,-218.999982E-03
+7.300000E-03,-218.999982E-03
+7.302500E-03,-250.249982E-03
+7.305000E-03,-281.499982E-03
+7.307500E-03,-250.249982E-03
+7.310000E-03,-281.499982E-03
+7.312500E-03,-343.999982E-03
+7.315000E-03,-343.999982E-03
+7.317500E-03,-343.999982E-03
+7.320000E-03,-343.999982E-03
+7.322500E-03,-375.249982E-03
+7.325000E-03,-375.249982E-03
+7.327500E-03,-375.249982E-03
+7.330000E-03,-375.249982E-03
+7.332500E-03,-375.249982E-03
+7.335000E-03,-406.499982E-03
+7.337500E-03,-406.499982E-03
+7.340000E-03,-406.499982E-03
+7.342500E-03,-437.749982E-03
+7.345000E-03,-468.999982E-03
+7.347500E-03,-437.749982E-03
+7.350000E-03,-468.999982E-03
+7.352500E-03,-500.249982E-03
+7.355000E-03,-468.999982E-03
+7.357500E-03,-468.999982E-03
+7.360000E-03,-500.249982E-03
+7.362500E-03,-500.249982E-03
+7.365000E-03,-500.249982E-03
+7.367500E-03,-500.249982E-03
+7.370000E-03,-531.499982E-03
+7.372500E-03,-500.249982E-03
+7.375000E-03,-500.249982E-03
+7.377500E-03,-562.749982E-03
+7.380000E-03,-562.749982E-03
+7.382500E-03,-562.749982E-03
+7.385000E-03,-531.499982E-03
+7.387500E-03,-531.499982E-03
+7.390000E-03,-500.249982E-03
+7.392500E-03,-562.749982E-03
+7.395000E-03,-531.499982E-03
+7.397500E-03,-531.499982E-03
+7.400000E-03,-562.749982E-03
+7.402500E-03,-531.499982E-03
+7.405000E-03,-500.249982E-03
+7.407500E-03,-500.249982E-03
+7.410000E-03,-562.749982E-03
+7.412500E-03,-531.499982E-03
+7.415000E-03,-500.249982E-03
+7.417500E-03,-500.249982E-03
+7.420000E-03,-531.499982E-03
+7.422500E-03,-500.249982E-03
+7.425000E-03,-500.249982E-03
+7.427500E-03,-468.999982E-03
+7.430000E-03,-468.999982E-03
+7.432500E-03,-437.749982E-03
+7.435000E-03,-468.999982E-03
+7.437500E-03,-468.999982E-03
+7.440000E-03,-468.999982E-03
+7.442500E-03,-468.999982E-03
+7.445000E-03,-406.499982E-03
+7.447500E-03,-406.499982E-03
+7.450000E-03,-437.749982E-03
+7.452500E-03,-406.499982E-03
+7.455000E-03,-343.999982E-03
+7.457500E-03,-375.249982E-03
+7.460000E-03,-375.249982E-03
+7.462500E-03,-343.999982E-03
+7.465000E-03,-312.749982E-03
+7.467500E-03,-281.499982E-03
+7.470000E-03,-250.249982E-03
+7.472500E-03,-250.249982E-03
+7.475000E-03,-218.999982E-03
+7.477500E-03,-218.999982E-03
+7.480000E-03,-218.999982E-03
+7.482500E-03,-156.499982E-03
+7.485000E-03,-156.499982E-03
+7.487500E-03,-156.499982E-03
+7.490000E-03,-125.249982E-03
+7.492500E-03,-125.249982E-03
+7.495000E-03,-93.999982E-03
+7.497500E-03,-62.749982E-03
+7.500000E-03,-249.982E-06
+7.502500E-03,-249.982E-06
+7.505000E-03,-31.499982E-03
+7.507500E-03,+31.000018E-03
+7.510000E-03,+62.250018E-03
+7.512500E-03,+93.500018E-03
+7.515000E-03,+124.750018E-03
+7.517500E-03,+93.500018E-03
+7.520000E-03,+156.000018E-03
+7.522500E-03,+187.250018E-03
+7.525000E-03,+218.500018E-03
+7.527500E-03,+218.500018E-03
+7.530000E-03,+281.000018E-03
+7.532500E-03,+249.750018E-03
+7.535000E-03,+312.250018E-03
+7.537500E-03,+312.250018E-03
+7.540000E-03,+374.750018E-03
+7.542500E-03,+343.500018E-03
+7.545000E-03,+374.750018E-03
+7.547500E-03,+406.000018E-03
+7.550000E-03,+406.000018E-03
+7.552500E-03,+468.500018E-03
+7.555000E-03,+499.750018E-03
+7.557500E-03,+531.000018E-03
+7.560000E-03,+499.750018E-03
+7.562500E-03,+593.500018E-03
+7.565000E-03,+499.750018E-03
+7.567500E-03,+3.843500018E+00
+7.570000E-03,+3.718500018E+00
+7.572500E-03,-62.749982E-03
+7.575000E-03,-31.499982E-03
+7.577500E-03,+31.000018E-03
+7.580000E-03,+62.250018E-03
+7.582500E-03,+93.500018E-03
+7.585000E-03,+124.750018E-03
+7.587500E-03,+124.750018E-03
+7.590000E-03,+218.500018E-03
+7.592500E-03,+249.750018E-03
+7.595000E-03,+249.750018E-03
+7.597500E-03,+281.000018E-03
+7.600000E-03,+281.000018E-03
+7.602500E-03,+312.250018E-03
+7.605000E-03,+343.500018E-03
+7.607500E-03,+374.750018E-03
+7.610000E-03,+374.750018E-03
+7.612500E-03,+406.000018E-03
+7.615000E-03,+437.250018E-03
+7.617500E-03,+437.250018E-03
+7.620000E-03,+3.999750018E+00
+7.622500E-03,+3.843500018E+00
+7.625000E-03,+3.687250018E+00
+7.627500E-03,+187.250018E-03
+7.630000E-03,+187.250018E-03
+7.632500E-03,+218.500018E-03
+7.635000E-03,+249.750018E-03
+7.637500E-03,+249.750018E-03
+7.640000E-03,+281.000018E-03
+7.642500E-03,+249.750018E-03
+7.645000E-03,+343.500018E-03
+7.647500E-03,+281.000018E-03
+7.650000E-03,+343.500018E-03
+7.652500E-03,+343.500018E-03
+7.655000E-03,+374.750018E-03
+7.657500E-03,+343.500018E-03
+7.660000E-03,+374.750018E-03
+7.662500E-03,+406.000018E-03
+7.665000E-03,+406.000018E-03
+7.667500E-03,+406.000018E-03
+7.670000E-03,+406.000018E-03
+7.672500E-03,+468.500018E-03
+7.675000E-03,+687.250018E-03
+7.677500E-03,+3.843500018E+00
+7.680000E-03,+3.749750018E+00
+7.682500E-03,+124.750018E-03
+7.685000E-03,+124.750018E-03
+7.687500E-03,+124.750018E-03
+7.690000E-03,+187.250018E-03
+7.692500E-03,+187.250018E-03
+7.695000E-03,+187.250018E-03
+7.697500E-03,+187.250018E-03
+7.700000E-03,+187.250018E-03
+7.702500E-03,+218.500018E-03
+7.705000E-03,+218.500018E-03
+7.707500E-03,+187.250018E-03
+7.710000E-03,+218.500018E-03
+7.712500E-03,+218.500018E-03
+7.715000E-03,+249.750018E-03
+7.717500E-03,+187.250018E-03
+7.720000E-03,+218.500018E-03
+7.722500E-03,+249.750018E-03
+7.725000E-03,+249.750018E-03
+7.727500E-03,+281.000018E-03
+7.730000E-03,+343.500018E-03
+7.732500E-03,+3.749750018E+00
+7.735000E-03,+3.687250018E+00
+7.737500E-03,+3.624750018E+00
+7.740000E-03,-62.749982E-03
+7.742500E-03,-62.749982E-03
+7.745000E-03,-31.499982E-03
+7.747500E-03,-62.749982E-03
+7.750000E-03,-31.499982E-03
+7.752500E-03,-31.499982E-03
+7.755000E-03,-31.499982E-03
+7.757500E-03,-31.499982E-03
+7.760000E-03,-31.499982E-03
+7.762500E-03,-31.499982E-03
+7.765000E-03,-31.499982E-03
+7.767500E-03,-62.749982E-03
+7.770000E-03,-62.749982E-03
+7.772500E-03,-31.499982E-03
+7.775000E-03,-31.499982E-03
+7.777500E-03,-62.749982E-03
+7.780000E-03,-249.982E-06
+7.782500E-03,-249.982E-06
+7.785000E-03,+343.500018E-03
+7.787500E-03,+281.000018E-03
+7.790000E-03,+281.000018E-03
+7.792500E-03,+281.000018E-03
+7.795000E-03,+218.500018E-03
+7.797500E-03,+249.750018E-03
+7.800000E-03,+187.250018E-03
+7.802500E-03,+187.250018E-03
+7.805000E-03,+156.000018E-03
+7.807500E-03,+156.000018E-03
+7.810000E-03,+156.000018E-03
+7.812500E-03,+124.750018E-03
+7.815000E-03,+124.750018E-03
+7.817500E-03,+124.750018E-03
+7.820000E-03,+93.500018E-03
+7.822500E-03,+93.500018E-03
+7.825000E-03,+62.250018E-03
+7.827500E-03,+62.250018E-03
+7.830000E-03,+62.250018E-03
+7.832500E-03,-249.982E-06
+7.835000E-03,-249.982E-06
+7.837500E-03,-249.982E-06
+7.840000E-03,-31.499982E-03
+7.842500E-03,-62.749982E-03
+7.845000E-03,-93.999982E-03
+7.847500E-03,-93.999982E-03
+7.850000E-03,-93.999982E-03
+7.852500E-03,-125.249982E-03
+7.855000E-03,-125.249982E-03
+7.857500E-03,-187.749982E-03
+7.860000E-03,-187.749982E-03
+7.862500E-03,-156.499982E-03
+7.865000E-03,-218.999982E-03
+7.867500E-03,-250.249982E-03
+7.870000E-03,-250.249982E-03
+7.872500E-03,-218.999982E-03
+7.875000E-03,-250.249982E-03
+7.877500E-03,-281.499982E-03
+7.880000E-03,-281.499982E-03
+7.882500E-03,-281.499982E-03
+7.885000E-03,-281.499982E-03
+7.887500E-03,-312.749982E-03
+7.890000E-03,-343.999982E-03
+7.892500E-03,-343.999982E-03
+7.895000E-03,-343.999982E-03
+7.897500E-03,-406.499982E-03
+7.900000E-03,-375.249982E-03
+7.902500E-03,-406.499982E-03
+7.905000E-03,-375.249982E-03
+7.907500E-03,-375.249982E-03
+7.910000E-03,-437.749982E-03
+7.912500E-03,-437.749982E-03
+7.915000E-03,-437.749982E-03
+7.917500E-03,-468.999982E-03
+7.920000E-03,-468.999982E-03
+7.922500E-03,-437.749982E-03
+7.925000E-03,-468.999982E-03
+7.927500E-03,-468.999982E-03
+7.930000E-03,-468.999982E-03
+7.932500E-03,-468.999982E-03
+7.935000E-03,-468.999982E-03
+7.937500E-03,-500.249982E-03
+7.940000E-03,-500.249982E-03
+7.942500E-03,-500.249982E-03
+7.945000E-03,-500.249982E-03
+7.947500E-03,-500.249982E-03
+7.950000E-03,-531.499982E-03
+7.952500E-03,-531.499982E-03
+7.955000E-03,-531.499982E-03
+7.957500E-03,-562.749982E-03
+7.960000E-03,-531.499982E-03
+7.962500E-03,-562.749982E-03
+7.965000E-03,-500.249982E-03
+7.967500E-03,-531.499982E-03
+7.970000E-03,-500.249982E-03
+7.972500E-03,-531.499982E-03
+7.975000E-03,-562.749982E-03
+7.977500E-03,-562.749982E-03
+7.980000E-03,-531.499982E-03
+7.982500E-03,-562.749982E-03
+7.985000E-03,-531.499982E-03
+7.987500E-03,-531.499982E-03
+7.990000E-03,-531.499982E-03
+7.992500E-03,-500.249982E-03
+7.995000E-03,-468.999982E-03
+7.997500E-03,-468.999982E-03
+8.000000E-03,-531.499982E-03
+8.002500E-03,-468.999982E-03
+8.005000E-03,-468.999982E-03
+8.007500E-03,-500.249982E-03
+8.010000E-03,-406.499982E-03
+8.012500E-03,-437.749982E-03
+8.015000E-03,-437.749982E-03
+8.017500E-03,-406.499982E-03
+8.020000E-03,-437.749982E-03
+8.022500E-03,-375.249982E-03
+8.025000E-03,-375.249982E-03
+8.027500E-03,-375.249982E-03
+8.030000E-03,-375.249982E-03
+8.032500E-03,-343.999982E-03
+8.035000E-03,-312.749982E-03
+8.037500E-03,-343.999982E-03
+8.040000E-03,-312.749982E-03
+8.042500E-03,-281.499982E-03
+8.045000E-03,-281.499982E-03
+8.047500E-03,-218.999982E-03
+8.050000E-03,-218.999982E-03
+8.052500E-03,-187.749982E-03
+8.055000E-03,-187.749982E-03
+8.057500E-03,-156.499982E-03
+8.060000E-03,-125.249982E-03
+8.062500E-03,-125.249982E-03
+8.065000E-03,-93.999982E-03
+8.067500E-03,-93.999982E-03
+8.070000E-03,-31.499982E-03
+8.072500E-03,-62.749982E-03
+8.075000E-03,-249.982E-06
+8.077500E-03,+31.000018E-03
+8.080000E-03,+62.250018E-03
+8.082500E-03,+62.250018E-03
+8.085000E-03,+93.500018E-03
+8.087500E-03,+93.500018E-03
+8.090000E-03,+124.750018E-03
+8.092500E-03,+156.000018E-03
+8.095000E-03,+187.250018E-03
+8.097500E-03,+218.500018E-03
+8.100000E-03,+249.750018E-03
+8.102500E-03,+281.000018E-03
+8.105000E-03,+312.250018E-03
+8.107500E-03,+281.000018E-03
+8.110000E-03,+312.250018E-03
+8.112500E-03,+374.750018E-03
+8.115000E-03,+374.750018E-03
+8.117500E-03,+374.750018E-03
+8.120000E-03,+437.250018E-03
+8.122500E-03,+468.500018E-03
+8.125000E-03,+468.500018E-03
+8.127500E-03,+499.750018E-03
+8.130000E-03,+531.000018E-03
+8.132500E-03,+531.000018E-03
+8.135000E-03,+562.250018E-03
+8.137500E-03,+656.000018E-03
+8.140000E-03,+3.749750018E+00
+8.142500E-03,+3.718500018E+00
+8.145000E-03,-31.499982E-03
+8.147500E-03,-31.499982E-03
+8.150000E-03,+62.250018E-03
+8.152500E-03,+93.500018E-03
+8.155000E-03,+124.750018E-03
+8.157500E-03,+124.750018E-03
+8.160000E-03,+187.250018E-03
+8.162500E-03,+218.500018E-03
+8.165000E-03,+249.750018E-03
+8.167500E-03,+249.750018E-03
+8.170000E-03,+312.250018E-03
+8.172500E-03,+312.250018E-03
+8.175000E-03,+312.250018E-03
+8.177500E-03,+343.500018E-03
+8.180000E-03,+406.000018E-03
+8.182500E-03,+374.750018E-03
+8.185000E-03,+437.250018E-03
+8.187500E-03,+468.500018E-03
+8.190000E-03,+562.250018E-03
+8.192500E-03,+3.906000018E+00
+8.195000E-03,+3.812250018E+00
+8.197500E-03,+124.750018E-03
+8.200000E-03,+187.250018E-03
+8.202500E-03,+218.500018E-03
+8.205000E-03,+249.750018E-03
+8.207500E-03,+281.000018E-03
+8.210000E-03,+281.000018E-03
+8.212500E-03,+281.000018E-03
+8.215000E-03,+312.250018E-03
+8.217500E-03,+281.000018E-03
+8.220000E-03,+343.500018E-03
+8.222500E-03,+343.500018E-03
+8.225000E-03,+374.750018E-03
+8.227500E-03,+343.500018E-03
+8.230000E-03,+374.750018E-03
+8.232500E-03,+437.250018E-03
+8.235000E-03,+406.000018E-03
+8.237500E-03,+406.000018E-03
+8.240000E-03,+437.250018E-03
+8.242500E-03,+437.250018E-03
+8.245000E-03,+531.000018E-03
+8.247500E-03,+3.843500018E+00
+8.250000E-03,+3.874750018E+00
+8.252500E-03,+3.812250018E+00
+8.255000E-03,+124.750018E-03
+8.257500E-03,+156.000018E-03
+8.260000E-03,+124.750018E-03
+8.262500E-03,+156.000018E-03
+8.265000E-03,+187.250018E-03
+8.267500E-03,+187.250018E-03
+8.270000E-03,+187.250018E-03
+8.272500E-03,+218.500018E-03
+8.275000E-03,+218.500018E-03
+8.277500E-03,+249.750018E-03
+8.280000E-03,+218.500018E-03
+8.282500E-03,+187.250018E-03
+8.285000E-03,+218.500018E-03
+8.287500E-03,+218.500018E-03
+8.290000E-03,+249.750018E-03
+8.292500E-03,+249.750018E-03
+8.295000E-03,+218.500018E-03
+8.297500E-03,+249.750018E-03
+8.300000E-03,+312.250018E-03
+8.302500E-03,+3.812250018E+00
+8.305000E-03,+3.687250018E+00
+8.307500E-03,+3.687250018E+00
+8.310000E-03,-93.999982E-03
+8.312500E-03,-62.749982E-03
+8.315000E-03,-62.749982E-03
+8.317500E-03,-31.499982E-03
+8.320000E-03,-62.749982E-03
+8.322500E-03,-31.499982E-03
+8.325000E-03,-62.749982E-03
+8.327500E-03,-31.499982E-03
+8.330000E-03,-31.499982E-03
+8.332500E-03,-31.499982E-03
+8.335000E-03,-31.499982E-03
+8.337500E-03,-249.982E-06
+8.340000E-03,-62.749982E-03
+8.342500E-03,-62.749982E-03
+8.345000E-03,-31.499982E-03
+8.347500E-03,-31.499982E-03
+8.350000E-03,-31.499982E-03
+8.352500E-03,-31.499982E-03
+8.355000E-03,-31.499982E-03
+8.357500E-03,+312.250018E-03
+8.360000E-03,+249.750018E-03
+8.362500E-03,+249.750018E-03
+8.365000E-03,+281.000018E-03
+8.367500E-03,+249.750018E-03
+8.370000E-03,+187.250018E-03
+8.372500E-03,+187.250018E-03
+8.375000E-03,+187.250018E-03
+8.377500E-03,+187.250018E-03
+8.380000E-03,+156.000018E-03
+8.382500E-03,+156.000018E-03
+8.385000E-03,+93.500018E-03
+8.387500E-03,+124.750018E-03
+8.390000E-03,+62.250018E-03
+8.392500E-03,+93.500018E-03
+8.395000E-03,+93.500018E-03
+8.397500E-03,+31.000018E-03
+8.400000E-03,+31.000018E-03
+8.402500E-03,+31.000018E-03
+8.405000E-03,-249.982E-06
+8.407500E-03,-31.499982E-03
+8.410000E-03,-249.982E-06
+8.412500E-03,-31.499982E-03
+8.415000E-03,-31.499982E-03
+8.417500E-03,-31.499982E-03
+8.420000E-03,-93.999982E-03
+8.422500E-03,-93.999982E-03
+8.425000E-03,-125.249982E-03
+8.427500E-03,-125.249982E-03
+8.430000E-03,-187.749982E-03
+8.432500E-03,-93.999982E-03
+8.435000E-03,-156.499982E-03
+8.437500E-03,-187.749982E-03
+8.440000E-03,-250.249982E-03
+8.442500E-03,-250.249982E-03
+8.445000E-03,-218.999982E-03
+8.447500E-03,-250.249982E-03
+8.450000E-03,-250.249982E-03
+8.452500E-03,-250.249982E-03
+8.455000E-03,-281.499982E-03
+8.457500E-03,-281.499982E-03
+8.460000E-03,-312.749982E-03
+8.462500E-03,-312.749982E-03
+8.465000E-03,-343.999982E-03
+8.467500E-03,-343.999982E-03
+8.470000E-03,-375.249982E-03
+8.472500E-03,-375.249982E-03
+8.475000E-03,-375.249982E-03
+8.477500E-03,-406.499982E-03
+8.480000E-03,-406.499982E-03
+8.482500E-03,-468.999982E-03
+8.485000E-03,-437.749982E-03
+8.487500E-03,-437.749982E-03
+8.490000E-03,-468.999982E-03
+8.492500E-03,-437.749982E-03
+8.495000E-03,-500.249982E-03
+8.497500E-03,-468.999982E-03
+8.500000E-03,-468.999982E-03
+8.502500E-03,-468.999982E-03
+8.505000E-03,-500.249982E-03
+8.507500E-03,-468.999982E-03
+8.510000E-03,-500.249982E-03
+8.512500E-03,-500.249982E-03
+8.515000E-03,-500.249982E-03
+8.517500E-03,-531.499982E-03
+8.520000E-03,-531.499982E-03
+8.522500E-03,-531.499982E-03
+8.525000E-03,-500.249982E-03
+8.527500E-03,-500.249982E-03
+8.530000E-03,-562.749982E-03
+8.532500E-03,-500.249982E-03
+8.535000E-03,-500.249982E-03
+8.537500E-03,-531.499982E-03
+8.540000E-03,-500.249982E-03
+8.542500E-03,-531.499982E-03
+8.545000E-03,-531.499982E-03
+8.547500E-03,-562.749982E-03
+8.550000E-03,-531.499982E-03
+8.552500E-03,-531.499982E-03
+8.555000E-03,-562.749982E-03
+8.557500E-03,-500.249982E-03
+8.560000E-03,-500.249982E-03
+8.562500E-03,-500.249982E-03
+8.565000E-03,-531.499982E-03
+8.567500E-03,-500.249982E-03
+8.570000E-03,-468.999982E-03
+8.572500E-03,-531.499982E-03
+8.575000E-03,-500.249982E-03
+8.577500E-03,-468.999982E-03
+8.580000E-03,-468.999982E-03
+8.582500E-03,-437.749982E-03
+8.585000E-03,-500.249982E-03
+8.587500E-03,-437.749982E-03
+8.590000E-03,-406.499982E-03
+8.592500E-03,-375.249982E-03
+8.595000E-03,-406.499982E-03
+8.597500E-03,-375.249982E-03
+8.600000E-03,-406.499982E-03
+8.602500E-03,-343.999982E-03
+8.605000E-03,-312.749982E-03
+8.607500E-03,-312.749982E-03
+8.610000E-03,-343.999982E-03
+8.612500E-03,-281.499982E-03
+8.615000E-03,-250.249982E-03
+8.617500E-03,-250.249982E-03
+8.620000E-03,-218.999982E-03
+8.622500E-03,-218.999982E-03
+8.625000E-03,-250.249982E-03
+8.627500E-03,-187.749982E-03
+8.630000E-03,-156.499982E-03
+8.632500E-03,-156.499982E-03
+8.635000E-03,-125.249982E-03
+8.637500E-03,-93.999982E-03
+8.640000E-03,-31.499982E-03
+8.642500E-03,-31.499982E-03
+8.645000E-03,-31.499982E-03
+8.647500E-03,-249.982E-06
+8.650000E-03,+31.000018E-03
+8.652500E-03,+62.250018E-03
+8.655000E-03,+62.250018E-03
+8.657500E-03,+93.500018E-03
+8.660000E-03,+124.750018E-03
+8.662500E-03,+124.750018E-03
+8.665000E-03,+187.250018E-03
+8.667500E-03,+218.500018E-03
+8.670000E-03,+249.750018E-03
+8.672500E-03,+218.500018E-03
+8.675000E-03,+249.750018E-03
+8.677500E-03,+281.000018E-03
+8.680000E-03,+312.250018E-03
+8.682500E-03,+312.250018E-03
+8.685000E-03,+343.500018E-03
+8.687500E-03,+374.750018E-03
+8.690000E-03,+437.250018E-03
+8.692500E-03,+437.250018E-03
+8.695000E-03,+468.500018E-03
+8.697500E-03,+468.500018E-03
+8.700000E-03,+531.000018E-03
+8.702500E-03,+562.250018E-03
+8.705000E-03,+593.500018E-03
+8.707500E-03,+531.000018E-03
+8.710000E-03,+3.781000018E+00
+8.712500E-03,+3.718500018E+00
+8.715000E-03,-62.749982E-03
+8.717500E-03,-31.499982E-03
+8.720000E-03,-249.982E-06
+8.722500E-03,+62.250018E-03
+8.725000E-03,+124.750018E-03
+8.727500E-03,+124.750018E-03
+8.730000E-03,+156.000018E-03
+8.732500E-03,+187.250018E-03
+8.735000E-03,+218.500018E-03
+8.737500E-03,+218.500018E-03
+8.740000E-03,+249.750018E-03
+8.742500E-03,+312.250018E-03
+8.745000E-03,+312.250018E-03
+8.747500E-03,+312.250018E-03
+8.750000E-03,+343.500018E-03
+8.752500E-03,+374.750018E-03
+8.755000E-03,+406.000018E-03
+8.757500E-03,+468.500018E-03
+8.760000E-03,+468.500018E-03
+8.762500E-03,+531.000018E-03
+8.765000E-03,+3.937250018E+00
+8.767500E-03,+3.843500018E+00
+8.770000E-03,+156.000018E-03
+8.772500E-03,+218.500018E-03
+8.775000E-03,+187.250018E-03
+8.777500E-03,+187.250018E-03
+8.780000E-03,+249.750018E-03
+8.782500E-03,+249.750018E-03
+8.785000E-03,+281.000018E-03
+8.787500E-03,+312.250018E-03
+8.790000E-03,+312.250018E-03
+8.792500E-03,+281.000018E-03
+8.795000E-03,+312.250018E-03
+8.797500E-03,+343.500018E-03
+8.800000E-03,+374.750018E-03
+8.802500E-03,+406.000018E-03
+8.805000E-03,+406.000018E-03
+8.807500E-03,+406.000018E-03
+8.810000E-03,+406.000018E-03
+8.812500E-03,+437.250018E-03
+8.815000E-03,+437.250018E-03
+8.817500E-03,+562.250018E-03
+8.820000E-03,+3.968500018E+00
+8.822500E-03,+3.812250018E+00
+8.825000E-03,+93.500018E-03
+8.827500E-03,+124.750018E-03
+8.830000E-03,+156.000018E-03
+8.832500E-03,+124.750018E-03
+8.835000E-03,+187.250018E-03
+8.837500E-03,+187.250018E-03
+8.840000E-03,+218.500018E-03
+8.842500E-03,+218.500018E-03
+8.845000E-03,+187.250018E-03
+8.847500E-03,+218.500018E-03
+8.850000E-03,+218.500018E-03
+8.852500E-03,+249.750018E-03
+8.855000E-03,+249.750018E-03
+8.857500E-03,+249.750018E-03
+8.860000E-03,+249.750018E-03
+8.862500E-03,+249.750018E-03
+8.865000E-03,+218.500018E-03
+8.867500E-03,+249.750018E-03
+8.870000E-03,+249.750018E-03
+8.872500E-03,+281.000018E-03
+8.875000E-03,+1.468500018E+00
+8.877500E-03,+3.687250018E+00
+8.880000E-03,-125.249982E-03
+8.882500E-03,-62.749982E-03
+8.885000E-03,-62.749982E-03
+8.887500E-03,-31.499982E-03
+8.890000E-03,-62.749982E-03
+8.892500E-03,-31.499982E-03
+8.895000E-03,-31.499982E-03
+8.897500E-03,-249.982E-06
+8.900000E-03,-249.982E-06
+8.902500E-03,-31.499982E-03
+8.905000E-03,-31.499982E-03
+8.907500E-03,-31.499982E-03
+8.910000E-03,-31.499982E-03
+8.912500E-03,-31.499982E-03
+8.915000E-03,-31.499982E-03
+8.917500E-03,-31.499982E-03
+8.920000E-03,-31.499982E-03
+8.922500E-03,-31.499982E-03
+8.925000E-03,-31.499982E-03
+8.927500E-03,-249.982E-06
+8.930000E-03,+406.000018E-03
+8.932500E-03,+281.000018E-03
+8.935000E-03,+281.000018E-03
+8.937500E-03,+249.750018E-03
+8.940000E-03,+218.500018E-03
+8.942500E-03,+187.250018E-03
+8.945000E-03,+218.500018E-03
+8.947500E-03,+218.500018E-03
+8.950000E-03,+187.250018E-03
+8.952500E-03,+156.000018E-03
+8.955000E-03,+156.000018E-03
+8.957500E-03,+124.750018E-03
+8.960000E-03,+124.750018E-03
+8.962500E-03,+93.500018E-03
+8.965000E-03,+93.500018E-03
+8.967500E-03,+31.000018E-03
+8.970000E-03,+31.000018E-03
+8.972500E-03,+31.000018E-03
+8.975000E-03,-249.982E-06
+8.977500E-03,-249.982E-06
+8.980000E-03,-249.982E-06
+8.982500E-03,-31.499982E-03
+8.985000E-03,-31.499982E-03
+8.987500E-03,-62.749982E-03
+8.990000E-03,-93.999982E-03
+8.992500E-03,-93.999982E-03
+8.995000E-03,-125.249982E-03
+8.997500E-03,-93.999982E-03
+9.000000E-03,-156.499982E-03
+9.002500E-03,-156.499982E-03
+9.005000E-03,-156.499982E-03
+9.007500E-03,-187.749982E-03
+9.010000E-03,-187.749982E-03
+9.012500E-03,-250.249982E-03
+9.015000E-03,-281.499982E-03
+9.017500E-03,-281.499982E-03
+9.020000E-03,-250.249982E-03
+9.022500E-03,-218.999982E-03
+9.025000E-03,-312.749982E-03
+9.027500E-03,-281.499982E-03
+9.030000E-03,-312.749982E-03
+9.032500E-03,-312.749982E-03
+9.035000E-03,-312.749982E-03
+9.037500E-03,-343.999982E-03
+9.040000E-03,-375.249982E-03
+9.042500E-03,-343.999982E-03
+9.045000E-03,-406.499982E-03
+9.047500E-03,-375.249982E-03
+9.050000E-03,-375.249982E-03
+9.052500E-03,-406.499982E-03
+9.055000E-03,-437.749982E-03
+9.057500E-03,-437.749982E-03
+9.060000E-03,-468.999982E-03
+9.062500E-03,-437.749982E-03
+9.065000E-03,-468.999982E-03
+9.067500E-03,-468.999982E-03
+9.070000E-03,-468.999982E-03
+9.072500E-03,-500.249982E-03
+9.075000E-03,-468.999982E-03
+9.077500E-03,-500.249982E-03
+9.080000E-03,-468.999982E-03
+9.082500E-03,-500.249982E-03
+9.085000E-03,-531.499982E-03
+9.087500E-03,-468.999982E-03
+9.090000E-03,-500.249982E-03
+9.092500E-03,-562.749982E-03
+9.095000E-03,-500.249982E-03
+9.097500E-03,-562.749982E-03
+9.100000E-03,-500.249982E-03
+9.102500E-03,-531.499982E-03
+9.105000E-03,-531.499982E-03
+9.107500E-03,-531.499982E-03
+9.110000E-03,-562.749982E-03
+9.112500E-03,-531.499982E-03
+9.115000E-03,-531.499982E-03
+9.117500E-03,-531.499982E-03
+9.120000E-03,-500.249982E-03
+9.122500E-03,-531.499982E-03
+9.125000E-03,-531.499982E-03
+9.127500E-03,-531.499982E-03
+9.130000E-03,-531.499982E-03
+9.132500E-03,-531.499982E-03
+9.135000E-03,-500.249982E-03
+9.137500E-03,-562.749982E-03
+9.140000E-03,-531.499982E-03
+9.142500E-03,-468.999982E-03
+9.145000E-03,-531.499982E-03
+9.147500E-03,-468.999982E-03
+9.150000E-03,-500.249982E-03
+9.152500E-03,-437.749982E-03
+9.155000E-03,-468.999982E-03
+9.157500E-03,-468.999982E-03
+9.160000E-03,-437.749982E-03
+9.162500E-03,-406.499982E-03
+9.165000E-03,-406.499982E-03
+9.167500E-03,-437.749982E-03
+9.170000E-03,-375.249982E-03
+9.172500E-03,-375.249982E-03
+9.175000E-03,-375.249982E-03
+9.177500E-03,-343.999982E-03
+9.180000E-03,-312.749982E-03
+9.182500E-03,-281.499982E-03
+9.185000E-03,-312.749982E-03
+9.187500E-03,-250.249982E-03
+9.190000E-03,-218.999982E-03
+9.192500E-03,-218.999982E-03
+9.195000E-03,-218.999982E-03
+9.197500E-03,-156.499982E-03
+9.200000E-03,-156.499982E-03
+9.202500E-03,-93.999982E-03
+9.205000E-03,-156.499982E-03
+9.207500E-03,-93.999982E-03
+9.210000E-03,-62.749982E-03
+9.212500E-03,-31.499982E-03
+9.215000E-03,-31.499982E-03
+9.217500E-03,-31.499982E-03
+9.220000E-03,+31.000018E-03
+9.222500E-03,+31.000018E-03
+9.225000E-03,+62.250018E-03
+9.227500E-03,+62.250018E-03
+9.230000E-03,+93.500018E-03
+9.232500E-03,+93.500018E-03
+9.235000E-03,+156.000018E-03
+9.237500E-03,+187.250018E-03
+9.240000E-03,+218.500018E-03
+9.242500E-03,+218.500018E-03
+9.245000E-03,+281.000018E-03
+9.247500E-03,+249.750018E-03
+9.250000E-03,+312.250018E-03
+9.252500E-03,+312.250018E-03
+9.255000E-03,+343.500018E-03
+9.257500E-03,+374.750018E-03
+9.260000E-03,+343.500018E-03
+9.262500E-03,+437.250018E-03
+9.265000E-03,+437.250018E-03
+9.267500E-03,+468.500018E-03
+9.270000E-03,+499.750018E-03
+9.272500E-03,+499.750018E-03
+9.275000E-03,+531.000018E-03
+9.277500E-03,+562.250018E-03
+9.280000E-03,+499.750019E-03
+9.282500E-03,+3.781000018E+00
+9.285000E-03,+3.718500018E+00
+9.287500E-03,+3.656000018E+00
+9.290000E-03,-62.749982E-03
+9.292500E-03,-249.982E-06
+9.295000E-03,+62.250018E-03
+9.297500E-03,+124.750018E-03
+9.300000E-03,+156.000018E-03
+9.302500E-03,+187.250018E-03
+9.305000E-03,+124.750018E-03
+9.307500E-03,+249.750018E-03
+9.310000E-03,+249.750018E-03
+9.312500E-03,+281.000018E-03
+9.315000E-03,+281.000018E-03
+9.317500E-03,+374.750018E-03
+9.320000E-03,+343.500018E-03
+9.322500E-03,+374.750018E-03
+9.325000E-03,+406.000018E-03
+9.327500E-03,+406.000018E-03
+9.330000E-03,+406.000018E-03
+9.332500E-03,+499.750019E-03
+9.335000E-03,+3.999750018E+00
+9.337500E-03,+3.812250018E+00
+9.340000E-03,+3.812250018E+00
+9.342500E-03,+156.000018E-03
+9.345000E-03,+218.500018E-03
+9.347500E-03,+218.500018E-03
+9.350000E-03,+249.750018E-03
+9.352500E-03,+249.750018E-03
+9.355000E-03,+281.000018E-03
+9.357500E-03,+249.750018E-03
+9.360000E-03,+312.250018E-03
+9.362500E-03,+312.250018E-03
+9.365000E-03,+374.750018E-03
+9.367500E-03,+343.500018E-03
+9.370000E-03,+374.750018E-03
+9.372500E-03,+374.750018E-03
+9.375000E-03,+406.000018E-03
+9.377500E-03,+437.250018E-03
+9.380000E-03,+406.000018E-03
+9.382500E-03,+437.250018E-03
+9.385000E-03,+437.250018E-03
+9.387500E-03,+468.500018E-03
+9.390000E-03,+874.750019E-03
+9.392500E-03,+3.874750018E+00
+9.395000E-03,+3.843500018E+00
+9.397500E-03,+124.750018E-03
+9.400000E-03,+156.000018E-03
+9.402500E-03,+156.000018E-03
+9.405000E-03,+156.000018E-03
+9.407500E-03,+187.250018E-03
+9.410000E-03,+187.250018E-03
+9.412500E-03,+187.250018E-03
+9.415000E-03,+218.500018E-03
+9.417500E-03,+187.250018E-03
+9.420000E-03,+156.000018E-03
+9.422500E-03,+218.500018E-03
+9.425000E-03,+218.500018E-03
+9.427500E-03,+218.500018E-03
+9.430000E-03,+218.500018E-03
+9.432500E-03,+249.750018E-03
+9.435000E-03,+249.750018E-03
+9.437500E-03,+249.750018E-03
+9.440000E-03,+281.000018E-03
+9.442500E-03,+281.000018E-03
+9.445000E-03,+281.000019E-03
+9.447500E-03,+3.812250018E+00
+9.450000E-03,+3.687250018E+00
+9.452500E-03,+3.312250018E+00
+9.455000E-03,-93.999982E-03
+9.457500E-03,-62.749982E-03
+9.460000E-03,-62.749982E-03
+9.462500E-03,-31.499982E-03
+9.465000E-03,-31.499982E-03
+9.467500E-03,-31.499982E-03
+9.470000E-03,-62.749982E-03
+9.472500E-03,-249.982E-06
+9.475000E-03,-249.982E-06
+9.477500E-03,-31.499982E-03
+9.480000E-03,-31.499982E-03
+9.482500E-03,-31.499982E-03
+9.485000E-03,-31.499982E-03
+9.487500E-03,-31.499982E-03
+9.490000E-03,-31.499982E-03
+9.492500E-03,-62.749982E-03
+9.495000E-03,-31.499982E-03
+9.497500E-03,-62.749982E-03
+9.500000E-03,+124.750018E-03
+9.502500E-03,+249.750018E-03
+9.505000E-03,+281.000018E-03
+9.507500E-03,+249.750018E-03
+9.510000E-03,+249.750018E-03
+9.512500E-03,+249.750018E-03
+9.515000E-03,+187.250018E-03
+9.517500E-03,+218.500018E-03
+9.520000E-03,+187.250018E-03
+9.522500E-03,+187.250018E-03
+9.525000E-03,+156.000018E-03
+9.527500E-03,+124.750018E-03
+9.530000E-03,+93.500018E-03
+9.532500E-03,+93.500018E-03
+9.535000E-03,+93.500018E-03
+9.537500E-03,+31.000018E-03
+9.540000E-03,+62.250018E-03
+9.542500E-03,+62.250018E-03
+9.545000E-03,+31.000018E-03
+9.547500E-03,-249.982E-06
+9.550000E-03,-249.982E-06
+9.552500E-03,-249.982E-06
+9.555000E-03,-31.499982E-03
+9.557500E-03,-62.749982E-03
+9.560000E-03,-31.499982E-03
+9.562500E-03,-62.749982E-03
+9.565000E-03,-93.999982E-03
+9.567500E-03,-125.249982E-03
+9.570000E-03,-125.249982E-03
+9.572500E-03,-156.499982E-03
+9.575000E-03,-187.749982E-03
+9.577500E-03,-156.499982E-03
+9.580000E-03,-218.999982E-03
+9.582500E-03,-187.749982E-03
+9.585000E-03,-187.749982E-03
+9.587500E-03,-218.999982E-03
+9.590000E-03,-250.249982E-03
+9.592500E-03,-281.499982E-03
+9.595000E-03,-250.249982E-03
+9.597500E-03,-312.749982E-03
+9.600000E-03,-343.999982E-03
+9.602500E-03,-343.999982E-03
+9.605000E-03,-312.749982E-03
+9.607500E-03,-312.749982E-03
+9.610000E-03,-343.999982E-03
+9.612500E-03,-343.999982E-03
+9.615000E-03,-375.249982E-03
+9.617500E-03,-375.249982E-03
+9.620000E-03,-406.499982E-03
+9.622500E-03,-406.499982E-03
+9.625000E-03,-468.999982E-03
+9.627500E-03,-437.749982E-03
+9.630000E-03,-468.999982E-03
+9.632500E-03,-437.749982E-03
+9.635000E-03,-437.749982E-03
+9.637500E-03,-500.249982E-03
+9.640000E-03,-468.999982E-03
+9.642500E-03,-468.999982E-03
+9.645000E-03,-468.999982E-03
+9.647500E-03,-468.999982E-03
+9.650000E-03,-500.249982E-03
+9.652500E-03,-500.249982E-03
+9.655000E-03,-468.999982E-03
+9.657500E-03,-531.499982E-03
+9.660000E-03,-500.249982E-03
+9.662500E-03,-500.249982E-03
+9.665000E-03,-500.249982E-03
+9.667500E-03,-531.499982E-03
+9.670000E-03,-500.249982E-03
+9.672500E-03,-500.249982E-03
+9.675000E-03,-531.499982E-03
+9.677500E-03,-531.499982E-03
+9.680000E-03,-562.749982E-03
+9.682500E-03,-500.249982E-03
+9.685000E-03,-531.499982E-03
+9.687500E-03,-531.499982E-03
+9.690000E-03,-531.499982E-03
+9.692500E-03,-531.499982E-03
+9.695000E-03,-562.749982E-03
+9.697500E-03,-500.249982E-03
+9.700000E-03,-500.249982E-03
+9.702500E-03,-531.499982E-03
+9.705000E-03,-531.499982E-03
+9.707500E-03,-531.499982E-03
+9.710000E-03,-468.999982E-03
+9.712500E-03,-531.499982E-03
+9.715000E-03,-531.499982E-03
+9.717500E-03,-468.999982E-03
+9.720000E-03,-468.999982E-03
+9.722500E-03,-468.999982E-03
+9.725000E-03,-437.749982E-03
+9.727500E-03,-468.999982E-03
+9.730000E-03,-437.749982E-03
+9.732500E-03,-500.249982E-03
+9.735000E-03,-375.249982E-03
+9.737500E-03,-375.249982E-03
+9.740000E-03,-343.999982E-03
+9.742500E-03,-343.999982E-03
+9.745000E-03,-375.249982E-03
+9.747500E-03,-343.999982E-03
+9.750000E-03,-312.749982E-03
+9.752500E-03,-312.749982E-03
+9.755000E-03,-281.499982E-03
+9.757500E-03,-281.499982E-03
+9.760000E-03,-250.249982E-03
+9.762500E-03,-218.999982E-03
+9.765000E-03,-250.249982E-03
+9.767500E-03,-218.999982E-03
+9.770000E-03,-187.749982E-03
+9.772500E-03,-156.499982E-03
+9.775000E-03,-156.499982E-03
+9.777500E-03,-125.249982E-03
+9.780000E-03,-93.999982E-03
+9.782500E-03,-93.999982E-03
+9.785000E-03,-31.499982E-03
+9.787500E-03,-249.982E-06
+9.790000E-03,-249.982E-06
+9.792500E-03,+31.000018E-03
+9.795000E-03,+62.250018E-03
+9.797500E-03,+62.250018E-03
+9.800000E-03,+93.500018E-03
+9.802500E-03,+93.500018E-03
+9.805000E-03,+156.000018E-03
+9.807500E-03,+124.750018E-03
+9.810000E-03,+156.000018E-03
+9.812500E-03,+218.500018E-03
+9.815000E-03,+218.500018E-03
+9.817500E-03,+249.750018E-03
+9.820000E-03,+281.000018E-03
+9.822500E-03,+312.250018E-03
+9.825000E-03,+343.500018E-03
+9.827500E-03,+343.500018E-03
+9.830000E-03,+374.750018E-03
+9.832500E-03,+406.000018E-03
+9.835000E-03,+437.250018E-03
+9.837500E-03,+468.500018E-03
+9.840000E-03,+468.500018E-03
+9.842500E-03,+499.750018E-03
+9.845000E-03,+531.000018E-03
+9.847500E-03,+562.250018E-03
+9.850000E-03,+562.250018E-03
+9.852500E-03,+531.000019E-03
+9.855000E-03,+3.718500018E+00
+9.857500E-03,+3.687250017E+00
+9.860000E-03,-31.499982E-03
+9.862500E-03,-62.749982E-03
+9.865000E-03,+31.000018E-03
+9.867500E-03,+62.250018E-03
+9.870000E-03,+93.500018E-03
+9.872500E-03,+124.750018E-03
+9.875000E-03,+187.250018E-03
+9.877500E-03,+187.250018E-03
+9.880000E-03,+218.500018E-03
+9.882500E-03,+249.750018E-03
+9.885000E-03,+249.750018E-03
+9.887500E-03,+312.250018E-03
+9.890000E-03,+343.500018E-03
+9.892500E-03,+343.500018E-03
+9.895000E-03,+374.750018E-03
+9.897500E-03,+406.000018E-03
+9.900000E-03,+406.000018E-03
+9.902500E-03,+406.000018E-03
+9.905000E-03,+468.500019E-03
+9.907500E-03,+3.937250018E+00
+9.910000E-03,+3.874750017E+00
+9.912500E-03,+124.750018E-03
+9.915000E-03,+156.000018E-03
+9.917500E-03,+187.250018E-03
+9.920000E-03,+218.500018E-03
+9.922500E-03,+249.750018E-03
+9.925000E-03,+281.000018E-03
+9.927500E-03,+249.750018E-03
+9.930000E-03,+281.000018E-03
+9.932500E-03,+312.250018E-03
+9.935000E-03,+312.250018E-03
+9.937500E-03,+343.500018E-03
+9.940000E-03,+374.750018E-03
+9.942500E-03,+343.500018E-03
+9.945000E-03,+374.750018E-03
+9.947500E-03,+374.750018E-03
+9.950000E-03,+406.000018E-03
+9.952500E-03,+437.250018E-03
+9.955000E-03,+437.250018E-03
+9.957500E-03,+437.250018E-03
+9.960000E-03,+468.500018E-03
+9.962500E-03,+718.500019E-03
+9.965000E-03,+3.812250017E+00
+9.967500E-03,+93.500018E-03
+9.970000E-03,+124.750018E-03
+9.972500E-03,+124.750018E-03
+9.975000E-03,+156.000018E-03
+9.977500E-03,+124.750018E-03
+9.980000E-03,+156.000018E-03
+9.982500E-03,+187.250018E-03
+9.985000E-03,+187.250018E-03
+9.987500E-03,+187.250018E-03
+9.990000E-03,+218.500018E-03
+9.992500E-03,+218.500018E-03
+9.995000E-03,+218.500018E-03
+9.997500E-03,+218.500018E-03
+10.000000E-03,+218.500018E-03
+10.002500E-03,+249.750018E-03
+10.005000E-03,+249.750018E-03
+10.007500E-03,+249.750018E-03
+10.010000E-03,+249.750018E-03
+10.012500E-03,+281.000018E-03
+10.015000E-03,+281.000019E-03
+10.017500E-03,+3.843500018E+00
+10.020000E-03,+3.718500018E+00
+10.022500E-03,+3.656000017E+00
+10.025000E-03,-125.249982E-03
+10.027500E-03,-62.749982E-03
+10.030000E-03,-62.749982E-03
+10.032500E-03,-62.749982E-03
+10.035000E-03,-31.499982E-03
+10.037500E-03,-31.499982E-03
+10.040000E-03,-62.749982E-03
+10.042500E-03,-31.499982E-03
+10.045000E-03,-31.499982E-03
+10.047500E-03,-62.749982E-03
+10.050000E-03,-62.749982E-03
+10.052500E-03,-31.499982E-03
+10.055000E-03,-62.749982E-03
+10.057500E-03,-31.499982E-03
+10.060000E-03,-62.749982E-03
+10.062500E-03,-62.749982E-03
+10.065000E-03,-62.749982E-03
+10.067500E-03,-31.499982E-03
+10.070000E-03,-249.982E-06
+10.072500E-03,+343.500018E-03
+10.075000E-03,+312.250018E-03
+10.077500E-03,+281.000018E-03
+10.080000E-03,+281.000018E-03
+10.082500E-03,+249.750018E-03
+10.085000E-03,+187.250018E-03
+10.087500E-03,+218.500018E-03
+10.090000E-03,+187.250018E-03
+10.092500E-03,+187.250018E-03
+10.095000E-03,+156.000018E-03
+10.097500E-03,+156.000018E-03
+10.100000E-03,+156.000018E-03
+10.102500E-03,+93.500018E-03
+10.105000E-03,+93.500018E-03
+10.107500E-03,+93.500018E-03
+10.110000E-03,+62.250018E-03
+10.112500E-03,+62.250018E-03
+10.115000E-03,+62.250018E-03
+10.117500E-03,-249.982E-06
+10.120000E-03,-249.982E-06
+10.122500E-03,-249.982E-06
+10.125000E-03,-249.982E-06
+10.127500E-03,-62.749982E-03
+10.130000E-03,-31.499982E-03
+10.132500E-03,-62.749982E-03
+10.135000E-03,-62.749982E-03
+10.137500E-03,-93.999982E-03
+10.140000E-03,-125.249982E-03
+10.142500E-03,-125.249982E-03
+10.145000E-03,-156.499982E-03
+10.147500E-03,-156.499982E-03
+10.150000E-03,-187.749982E-03
+10.152500E-03,-187.749982E-03
+10.155000E-03,-250.249982E-03
+10.157500E-03,-218.999982E-03
+10.160000E-03,-250.249982E-03
+10.162500E-03,-250.249982E-03
+10.165000E-03,-218.999982E-03
+10.167500E-03,-281.499982E-03
+10.170000E-03,-281.499982E-03
+10.172500E-03,-343.999982E-03
+10.175000E-03,-312.749982E-03
+10.177500E-03,-343.999982E-03
+10.180000E-03,-375.249982E-03
+10.182500E-03,-375.249982E-03
+10.185000E-03,-375.249982E-03
+10.187500E-03,-406.499982E-03
+10.190000E-03,-406.499982E-03
+10.192500E-03,-375.249982E-03
+10.195000E-03,-406.499982E-03
+10.197500E-03,-437.749982E-03
+10.200000E-03,-437.749982E-03
+10.202500E-03,-437.749982E-03
+10.205000E-03,-437.749982E-03
+10.207500E-03,-468.999982E-03
+10.210000E-03,-468.999982E-03
+10.212500E-03,-468.999982E-03
+10.215000E-03,-500.249982E-03
+10.217500E-03,-500.249982E-03
+10.220000E-03,-468.999982E-03
+10.222500E-03,-468.999982E-03
+10.225000E-03,-468.999982E-03
+10.227500E-03,-500.249982E-03
+10.230000E-03,-500.249982E-03
+10.232500E-03,-531.499982E-03
+10.235000E-03,-500.249982E-03
+10.237500E-03,-531.499982E-03
+10.240000E-03,-500.249982E-03
+10.242500E-03,-531.499982E-03
+10.245000E-03,-531.499982E-03
+10.247500E-03,-531.499982E-03
+10.250000E-03,-500.249982E-03
+10.252500E-03,-500.249982E-03
+10.255000E-03,-531.499982E-03
+10.257500E-03,-531.499982E-03
+10.260000E-03,-562.749982E-03
+10.262500E-03,-531.499982E-03
+10.265000E-03,-531.499982E-03
+10.267500E-03,-531.499982E-03
+10.270000E-03,-500.249982E-03
+10.272500E-03,-531.499982E-03
+10.275000E-03,-531.499982E-03
+10.277500E-03,-562.749982E-03
+10.280000E-03,-500.249982E-03
+10.282500E-03,-500.249982E-03
+10.285000E-03,-531.499982E-03
+10.287500E-03,-468.999982E-03
+10.290000E-03,-531.499982E-03
+10.292500E-03,-500.249982E-03
+10.295000E-03,-468.999982E-03
+10.297500E-03,-437.749982E-03
+10.300000E-03,-406.499982E-03
+10.302500E-03,-437.749982E-03
+10.305000E-03,-468.999982E-03
+10.307500E-03,-437.749982E-03
+10.310000E-03,-375.249982E-03
+10.312500E-03,-406.499982E-03
+10.315000E-03,-375.249982E-03
+10.317500E-03,-375.249982E-03
+10.320000E-03,-375.249982E-03
+10.322500E-03,-343.999982E-03
+10.325000E-03,-343.999982E-03
+10.327500E-03,-281.499982E-03
+10.330000E-03,-250.249982E-03
+10.332500E-03,-281.499982E-03
+10.335000E-03,-218.999982E-03
+10.337500E-03,-218.999982E-03
+10.340000E-03,-250.249982E-03
+10.342500E-03,-187.749982E-03
+10.345000E-03,-187.749982E-03
+10.347500E-03,-156.499982E-03
+10.350000E-03,-93.999982E-03
+10.352500E-03,-93.999982E-03
+10.355000E-03,-31.499982E-03
+10.357500E-03,-31.499982E-03
+10.360000E-03,-249.982E-06
+10.362500E-03,-31.499982E-03
+10.365000E-03,+31.000018E-03
+10.367500E-03,+62.250018E-03
+10.370000E-03,+62.250018E-03
+10.372500E-03,+93.500018E-03
+10.375000E-03,+124.750018E-03
+10.377500E-03,+156.000018E-03
+10.380000E-03,+124.750018E-03
+10.382500E-03,+187.250018E-03
+10.385000E-03,+187.250018E-03
+10.387500E-03,+249.750018E-03
+10.390000E-03,+281.000018E-03
+10.392500E-03,+281.000018E-03
+10.395000E-03,+281.000018E-03
+10.397500E-03,+343.500018E-03
+10.400000E-03,+343.500018E-03
+10.402500E-03,+374.750018E-03
+10.405000E-03,+437.250018E-03
+10.407500E-03,+437.250018E-03
+10.410000E-03,+437.250018E-03
+10.412500E-03,+468.500018E-03
+10.415000E-03,+531.000018E-03
+10.417500E-03,+531.000018E-03
+10.420000E-03,+562.250018E-03
+10.422500E-03,+531.000018E-03
+10.425000E-03,+531.000019E-03
+10.427500E-03,+3.749750018E+00
+10.430000E-03,+3.749750017E+00
+10.432500E-03,-31.499982E-03
+10.435000E-03,-31.499982E-03
+10.437500E-03,+62.250018E-03
+10.440000E-03,+62.250018E-03
+10.442500E-03,+124.750018E-03
+10.445000E-03,+156.000018E-03
+10.447500E-03,+187.250018E-03
+10.450000E-03,+218.500018E-03
+10.452500E-03,+218.500018E-03
+10.455000E-03,+249.750018E-03
+10.457500E-03,+281.000018E-03
+10.460000E-03,+312.250018E-03
+10.462500E-03,+281.000018E-03
+10.465000E-03,+343.500018E-03
+10.467500E-03,+374.750018E-03
+10.470000E-03,+437.250018E-03
+10.472500E-03,+406.000018E-03
+10.475000E-03,+437.250018E-03
+10.477500E-03,+468.500019E-03
+10.480000E-03,+3.937250018E+00
+10.482500E-03,+3.843500017E+00
+10.485000E-03,+156.000018E-03
+10.487500E-03,+187.250018E-03
+10.490000E-03,+218.500018E-03
+10.492500E-03,+218.500018E-03
+10.495000E-03,+281.000018E-03
+10.497500E-03,+281.000018E-03
+10.500000E-03,+281.000018E-03
+10.502500E-03,+312.250018E-03
+10.505000E-03,+312.250018E-03
+10.507500E-03,+281.000018E-03
+10.510000E-03,+312.250018E-03
+10.512500E-03,+343.500018E-03
+10.515000E-03,+374.750018E-03
+10.517500E-03,+374.750018E-03
+10.520000E-03,+374.750018E-03
+10.522500E-03,+406.000018E-03
+10.525000E-03,+437.250018E-03
+10.527500E-03,+437.250018E-03
+10.530000E-03,+437.250019E-03
+10.532500E-03,+2.218500019E+00
+10.535000E-03,+3.999750018E+00
+10.537500E-03,+3.843500018E+00
+10.540000E-03,+3.812250017E+00
+10.542500E-03,+124.750018E-03
+10.545000E-03,+124.750018E-03
+10.547500E-03,+156.000018E-03
+10.550000E-03,+156.000018E-03
+10.552500E-03,+156.000018E-03
+10.555000E-03,+187.250018E-03
+10.557500E-03,+187.250018E-03
+10.560000E-03,+187.250018E-03
+10.562500E-03,+218.500018E-03
+10.565000E-03,+218.500018E-03
+10.567500E-03,+218.500018E-03
+10.570000E-03,+249.750018E-03
+10.572500E-03,+218.500018E-03
+10.575000E-03,+249.750018E-03
+10.577500E-03,+249.750018E-03
+10.580000E-03,+249.750018E-03
+10.582500E-03,+281.000018E-03
+10.585000E-03,+281.000018E-03
+10.587500E-03,+406.000019E-03
+10.590000E-03,+3.812250018E+00
+10.592500E-03,+3.687250018E+00
+10.595000E-03,+3.656000017E+00
+10.597500E-03,-125.249982E-03
+10.600000E-03,-62.749982E-03
+10.602500E-03,-62.749982E-03
+10.605000E-03,-31.499982E-03
+10.607500E-03,-31.499982E-03
+10.610000E-03,-62.749982E-03
+10.612500E-03,-31.499982E-03
+10.615000E-03,-31.499982E-03
+10.617500E-03,-62.749982E-03
+10.620000E-03,-62.749982E-03
+10.622500E-03,-31.499982E-03
+10.625000E-03,-31.499982E-03
+10.627500E-03,-62.749982E-03
+10.630000E-03,-62.749982E-03
+10.632500E-03,-249.982E-06
+10.635000E-03,-31.499982E-03
+10.637500E-03,-62.749982E-03
+10.640000E-03,-62.749982E-03
+10.642500E-03,-249.982E-06
+10.645000E-03,+343.500018E-03
+10.647500E-03,+249.750018E-03
+10.650000E-03,+249.750018E-03
+10.652500E-03,+249.750018E-03
+10.655000E-03,+218.500018E-03
+10.657500E-03,+249.750018E-03
+10.660000E-03,+218.500018E-03
+10.662500E-03,+187.250018E-03
+10.665000E-03,+187.250018E-03
+10.667500E-03,+124.750018E-03
+10.670000E-03,+156.000018E-03
+10.672500E-03,+93.500018E-03
+10.675000E-03,+93.500018E-03
+10.677500E-03,+93.500018E-03
+10.680000E-03,+62.250018E-03
+10.682500E-03,+62.250018E-03
+10.685000E-03,+62.250018E-03
+10.687500E-03,+31.000018E-03
+10.690000E-03,-249.982E-06
+10.692500E-03,-249.982E-06
+10.695000E-03,-31.499982E-03
+10.697500E-03,-31.499982E-03
+10.700000E-03,-31.499982E-03
+10.702500E-03,-62.749982E-03
+10.705000E-03,-62.749982E-03
+10.707500E-03,-93.999982E-03
+10.710000E-03,-93.999982E-03
+10.712500E-03,-125.249982E-03
+10.715000E-03,-125.249982E-03
+10.717500E-03,-156.499982E-03
+10.720000E-03,-187.749982E-03
+10.722500E-03,-156.499982E-03
+10.725000E-03,-218.999982E-03
+10.727500E-03,-218.999982E-03
+10.730000E-03,-218.999982E-03
+10.732500E-03,-281.499982E-03
+10.735000E-03,-250.249982E-03
+10.737500E-03,-250.249982E-03
+10.740000E-03,-312.749982E-03
+10.742500E-03,-281.499982E-03
+10.745000E-03,-312.749982E-03
+10.747500E-03,-312.749982E-03
+10.750000E-03,-343.999982E-03
+10.752500E-03,-375.249982E-03
+10.755000E-03,-343.999982E-03
+10.757500E-03,-375.249982E-03
+10.760000E-03,-375.249982E-03
+10.762500E-03,-406.499982E-03
+10.765000E-03,-406.499982E-03
+10.767500E-03,-406.499982E-03
+10.770000E-03,-406.499982E-03
+10.772500E-03,-437.749982E-03
+10.775000E-03,-468.999982E-03
+10.777500E-03,-437.749982E-03
+10.780000E-03,-437.749982E-03
+10.782500E-03,-500.249982E-03
+10.785000E-03,-468.999982E-03
+10.787500E-03,-500.249982E-03
+10.790000E-03,-468.999982E-03
+10.792500E-03,-531.499982E-03
+10.795000E-03,-500.249982E-03
+10.797500E-03,-500.249982E-03
+10.800000E-03,-500.249982E-03
+10.802500E-03,-500.249982E-03
+10.805000E-03,-500.249982E-03
+10.807500E-03,-500.249982E-03
+10.810000E-03,-531.499982E-03
+10.812500E-03,-500.249982E-03
+10.815000E-03,-531.499982E-03
+10.817500E-03,-531.499982E-03
+10.820000E-03,-500.249982E-03
+10.822500E-03,-531.499982E-03
+10.825000E-03,-531.499982E-03
+10.827500E-03,-531.499982E-03
+10.830000E-03,-562.749982E-03
+10.832500E-03,-500.249982E-03
+10.835000E-03,-500.249982E-03
+10.837500E-03,-531.499981E-03
